{"v":"4.8.0","meta":{"g":"LottieFiles AE 3.0.2","a":"","k":"","d":"","tc":""},"fr":60,"ip":0,"op":370,"w":512,"h":387,"nm":"03. Add Music","ddd":0,"assets":[],"layers":[{"ddd":0,"ind":1,"ty":4,"nm":"circle 8","sr":1,"ks":{"o":{"a":0,"k":100,"ix":11},"r":{"a":0,"k":0,"ix":10},"p":{"a":0,"k":[331.345,212.797,0],"ix":2},"a":{"a":0,"k":[171.676,110.809,0],"ix":1},"s":{"a":1,"k":[{"i":{"x":[0.146,0.146,0.833],"y":[1,1,1]},"o":{"x":[0.384,0.384,0.167],"y":[0,0,0]},"t":180,"s":[0,0,100]},{"i":{"x":[0.158,0.158,0.833],"y":[1,1,1]},"o":{"x":[0.187,0.187,0.167],"y":[0,0,0]},"t":203,"s":[100,100,100]},{"t":243,"s":[0,0,100]}],"ix":6}},"ao":0,"shapes":[{"ty":"gr","it":[{"ind":0,"ty":"sh","ix":1,"ks":{"a":0,"k":{"i":[[-0.033,-2.613],[2.613,-0.033],[0.033,2.613],[-2.613,0.032]],"o":[[0.033,2.613],[-2.614,0.033],[-0.033,-2.614],[2.613,-0.033]],"v":[[4.732,-0.06],[0.059,4.732],[-4.732,0.06],[-0.059,-4.732]],"c":true},"ix":2},"nm":"Path 1","mn":"ADBE Vector Shape - Group","hd":false},{"ty":"fl","c":{"a":0,"k":[0.423529411765,0.658823529412,0.960784313725,1],"ix":4},"o":{"a":0,"k":100,"ix":5},"r":1,"bm":0,"nm":"Fill 1","mn":"ADBE Vector Graphic - Fill","hd":false},{"ty":"tr","p":{"a":0,"k":[171.676,110.809],"ix":2},"a":{"a":0,"k":[0,0],"ix":1},"s":{"a":0,"k":[100,100],"ix":3},"r":{"a":0,"k":0,"ix":6},"o":{"a":0,"k":100,"ix":7},"sk":{"a":0,"k":0,"ix":4},"sa":{"a":0,"k":0,"ix":5},"nm":"Transform"}],"nm":"Group 1","np":2,"cix":2,"bm":0,"ix":1,"mn":"ADBE Vector Group","hd":false}],"ip":180,"op":243,"st":-7,"bm":0},{"ddd":0,"ind":2,"ty":4,"nm":"circle 7","sr":1,"ks":{"o":{"a":0,"k":100,"ix":11},"r":{"a":0,"k":0,"ix":10},"p":{"a":0,"k":[358.845,97.297,0],"ix":2},"a":{"a":0,"k":[171.676,110.809,0],"ix":1},"s":{"a":1,"k":[{"i":{"x":[0.146,0.146,0.833],"y":[1,1,1]},"o":{"x":[0.384,0.384,0.167],"y":[0,0,0]},"t":140,"s":[0,0,100]},{"i":{"x":[0.158,0.158,0.833],"y":[1,1,1]},"o":{"x":[0.187,0.187,0.167],"y":[0,0,0]},"t":163,"s":[100,100,100]},{"t":203,"s":[0,0,100]}],"ix":6}},"ao":0,"shapes":[{"ty":"gr","it":[{"ind":0,"ty":"sh","ix":1,"ks":{"a":0,"k":{"i":[[-0.033,-2.613],[2.613,-0.033],[0.033,2.613],[-2.613,0.032]],"o":[[0.033,2.613],[-2.614,0.033],[-0.033,-2.614],[2.613,-0.033]],"v":[[4.732,-0.06],[0.059,4.732],[-4.732,0.06],[-0.059,-4.732]],"c":true},"ix":2},"nm":"Path 1","mn":"ADBE Vector Shape - Group","hd":false},{"ty":"fl","c":{"a":0,"k":[0.423529411765,0.658823529412,0.960784313725,1],"ix":4},"o":{"a":0,"k":100,"ix":5},"r":1,"bm":0,"nm":"Fill 1","mn":"ADBE Vector Graphic - Fill","hd":false},{"ty":"tr","p":{"a":0,"k":[171.676,110.809],"ix":2},"a":{"a":0,"k":[0,0],"ix":1},"s":{"a":0,"k":[100,100],"ix":3},"r":{"a":0,"k":0,"ix":6},"o":{"a":0,"k":100,"ix":7},"sk":{"a":0,"k":0,"ix":4},"sa":{"a":0,"k":0,"ix":5},"nm":"Transform"}],"nm":"Group 1","np":2,"cix":2,"bm":0,"ix":1,"mn":"ADBE Vector Group","hd":false}],"ip":140,"op":203,"st":-47,"bm":0},{"ddd":0,"ind":3,"ty":4,"nm":"circle 5","sr":1,"ks":{"o":{"a":0,"k":100,"ix":11},"r":{"a":0,"k":0,"ix":10},"p":{"a":0,"k":[226.345,86.797,0],"ix":2},"a":{"a":0,"k":[171.676,110.809,0],"ix":1},"s":{"a":1,"k":[{"i":{"x":[0.146,0.146,0.833],"y":[1,1,1]},"o":{"x":[0.384,0.384,0.167],"y":[0,0,0]},"t":63,"s":[0,0,100]},{"i":{"x":[0.158,0.158,0.833],"y":[1,1,1]},"o":{"x":[0.187,0.187,0.167],"y":[0,0,0]},"t":86,"s":[100,100,100]},{"t":126,"s":[0,0,100]}],"ix":6}},"ao":0,"shapes":[{"ty":"gr","it":[{"ind":0,"ty":"sh","ix":1,"ks":{"a":0,"k":{"i":[[-0.033,-2.613],[2.613,-0.033],[0.033,2.613],[-2.613,0.032]],"o":[[0.033,2.613],[-2.614,0.033],[-0.033,-2.614],[2.613,-0.033]],"v":[[4.732,-0.06],[0.059,4.732],[-4.732,0.06],[-0.059,-4.732]],"c":true},"ix":2},"nm":"Path 1","mn":"ADBE Vector Shape - Group","hd":false},{"ty":"fl","c":{"a":0,"k":[0.423529411765,0.658823529412,0.960784313725,1],"ix":4},"o":{"a":0,"k":100,"ix":5},"r":1,"bm":0,"nm":"Fill 1","mn":"ADBE Vector Graphic - Fill","hd":false},{"ty":"tr","p":{"a":0,"k":[171.676,110.809],"ix":2},"a":{"a":0,"k":[0,0],"ix":1},"s":{"a":0,"k":[100,100],"ix":3},"r":{"a":0,"k":0,"ix":6},"o":{"a":0,"k":100,"ix":7},"sk":{"a":0,"k":0,"ix":4},"sa":{"a":0,"k":0,"ix":5},"nm":"Transform"}],"nm":"Group 1","np":2,"cix":2,"bm":0,"ix":1,"mn":"ADBE Vector Group","hd":false}],"ip":63,"op":126,"st":-124,"bm":0},{"ddd":0,"ind":4,"ty":4,"nm":"circle 4","sr":1,"ks":{"o":{"a":0,"k":100,"ix":11},"r":{"a":0,"k":0,"ix":10},"p":{"a":0,"k":[359.887,113.8,0],"ix":2},"a":{"a":0,"k":[171.676,110.809,0],"ix":1},"s":{"a":1,"k":[{"i":{"x":[0.146,0.146,0.833],"y":[1,1,1]},"o":{"x":[0.384,0.384,0.167],"y":[0,0,0]},"t":55,"s":[0,0,100]},{"i":{"x":[0.158,0.158,0.833],"y":[1,1,1]},"o":{"x":[0.187,0.187,0.167],"y":[0,0,0]},"t":78,"s":[100,100,100]},{"t":118,"s":[0,0,100]}],"ix":6}},"ao":0,"shapes":[{"ty":"gr","it":[{"ind":0,"ty":"sh","ix":1,"ks":{"a":0,"k":{"i":[[-0.033,-2.613],[2.613,-0.033],[0.033,2.613],[-2.613,0.032]],"o":[[0.033,2.613],[-2.614,0.033],[-0.033,-2.614],[2.613,-0.033]],"v":[[4.732,-0.06],[0.059,4.732],[-4.732,0.06],[-0.059,-4.732]],"c":true},"ix":2},"nm":"Path 1","mn":"ADBE Vector Shape - Group","hd":false},{"ty":"fl","c":{"a":0,"k":[0.423529411765,0.658823529412,0.960784313725,1],"ix":4},"o":{"a":0,"k":100,"ix":5},"r":1,"bm":0,"nm":"Fill 1","mn":"ADBE Vector Graphic - Fill","hd":false},{"ty":"tr","p":{"a":0,"k":[171.676,110.809],"ix":2},"a":{"a":0,"k":[0,0],"ix":1},"s":{"a":0,"k":[100,100],"ix":3},"r":{"a":0,"k":0,"ix":6},"o":{"a":0,"k":100,"ix":7},"sk":{"a":0,"k":0,"ix":4},"sa":{"a":0,"k":0,"ix":5},"nm":"Transform"}],"nm":"Group 1","np":2,"cix":2,"bm":0,"ix":1,"mn":"ADBE Vector Group","hd":false}],"ip":55,"op":118,"st":-132,"bm":0},{"ddd":0,"ind":5,"ty":4,"nm":"circle 6","sr":1,"ks":{"o":{"a":0,"k":100,"ix":11},"r":{"a":0,"k":0,"ix":10},"p":{"a":0,"k":[145.934,89.527,0],"ix":2},"a":{"a":0,"k":[171.676,110.809,0],"ix":1},"s":{"a":1,"k":[{"i":{"x":[0.146,0.146,0.833],"y":[1,1,1]},"o":{"x":[0.384,0.384,0.167],"y":[0,0,0]},"t":110,"s":[0,0,100]},{"i":{"x":[0.158,0.158,0.833],"y":[1,1,1]},"o":{"x":[0.187,0.187,0.167],"y":[0,0,0]},"t":133,"s":[100,100,100]},{"t":173,"s":[0,0,100]}],"ix":6}},"ao":0,"shapes":[{"ty":"gr","it":[{"ind":0,"ty":"sh","ix":1,"ks":{"a":0,"k":{"i":[[-0.033,-2.613],[2.613,-0.033],[0.033,2.613],[-2.613,0.032]],"o":[[0.033,2.613],[-2.614,0.033],[-0.033,-2.614],[2.613,-0.033]],"v":[[4.732,-0.06],[0.059,4.732],[-4.732,0.06],[-0.059,-4.732]],"c":true},"ix":2},"nm":"Path 1","mn":"ADBE Vector Shape - Group","hd":false},{"ty":"fl","c":{"a":0,"k":[0.423529411765,0.658823529412,0.960784313725,1],"ix":4},"o":{"a":0,"k":100,"ix":5},"r":1,"bm":0,"nm":"Fill 1","mn":"ADBE Vector Graphic - Fill","hd":false},{"ty":"tr","p":{"a":0,"k":[171.676,110.809],"ix":2},"a":{"a":0,"k":[0,0],"ix":1},"s":{"a":0,"k":[100,100],"ix":3},"r":{"a":0,"k":0,"ix":6},"o":{"a":0,"k":100,"ix":7},"sk":{"a":0,"k":0,"ix":4},"sa":{"a":0,"k":0,"ix":5},"nm":"Transform"}],"nm":"Group 1","np":2,"cix":2,"bm":0,"ix":1,"mn":"ADBE Vector Group","hd":false}],"ip":110,"op":173,"st":-77,"bm":0},{"ddd":0,"ind":6,"ty":4,"nm":"circle 3","sr":1,"ks":{"o":{"a":0,"k":100,"ix":11},"r":{"a":0,"k":0,"ix":10},"p":{"a":0,"k":[133.434,182.027,0],"ix":2},"a":{"a":0,"k":[171.676,110.809,0],"ix":1},"s":{"a":1,"k":[{"i":{"x":[0.146,0.146,0.833],"y":[1,1,1]},"o":{"x":[0.384,0.384,0.167],"y":[0,0,0]},"t":40,"s":[0,0,100]},{"i":{"x":[0.158,0.158,0.833],"y":[1,1,1]},"o":{"x":[0.187,0.187,0.167],"y":[0,0,0]},"t":63,"s":[100,100,100]},{"t":103,"s":[0,0,100]}],"ix":6}},"ao":0,"shapes":[{"ty":"gr","it":[{"ind":0,"ty":"sh","ix":1,"ks":{"a":0,"k":{"i":[[-0.033,-2.613],[2.613,-0.033],[0.033,2.613],[-2.613,0.032]],"o":[[0.033,2.613],[-2.614,0.033],[-0.033,-2.614],[2.613,-0.033]],"v":[[4.732,-0.06],[0.059,4.732],[-4.732,0.06],[-0.059,-4.732]],"c":true},"ix":2},"nm":"Path 1","mn":"ADBE Vector Shape - Group","hd":false},{"ty":"fl","c":{"a":0,"k":[0.423529411765,0.658823529412,0.960784313725,1],"ix":4},"o":{"a":0,"k":100,"ix":5},"r":1,"bm":0,"nm":"Fill 1","mn":"ADBE Vector Graphic - Fill","hd":false},{"ty":"tr","p":{"a":0,"k":[171.676,110.809],"ix":2},"a":{"a":0,"k":[0,0],"ix":1},"s":{"a":0,"k":[100,100],"ix":3},"r":{"a":0,"k":0,"ix":6},"o":{"a":0,"k":100,"ix":7},"sk":{"a":0,"k":0,"ix":4},"sa":{"a":0,"k":0,"ix":5},"nm":"Transform"}],"nm":"Group 1","np":2,"cix":2,"bm":0,"ix":1,"mn":"ADBE Vector Group","hd":false}],"ip":40,"op":103,"st":-147,"bm":0},{"ddd":0,"ind":7,"ty":4,"nm":"star 5","sr":1,"ks":{"o":{"a":0,"k":100,"ix":11},"r":{"a":1,"k":[{"i":{"x":[0.241],"y":[1]},"o":{"x":[0.333],"y":[0]},"t":110,"s":[0]},{"t":163,"s":[180]}],"ix":10},"p":{"a":0,"k":[353.629,203.883,0],"ix":2},"a":{"a":0,"k":[382.39,229.1,0],"ix":1},"s":{"a":1,"k":[{"i":{"x":[0.296,0.296,0.833],"y":[1,1,1]},"o":{"x":[0.323,0.323,0.167],"y":[0,0,0]},"t":110,"s":[0,0,100]},{"i":{"x":[0.833,0.833,0.833],"y":[1,1,1]},"o":{"x":[0.167,0.167,0.167],"y":[0,0,0]},"t":123,"s":[100,100,100]},{"i":{"x":[0.179,0.179,0.833],"y":[1,1,1]},"o":{"x":[0.265,0.265,0.167],"y":[0,0,0]},"t":138,"s":[100,100,100]},{"t":157,"s":[0,0,100]}],"ix":6}},"ao":0,"shapes":[{"ty":"gr","it":[{"ind":0,"ty":"sh","ix":1,"ks":{"a":0,"k":{"i":[[0.33,-1.189],[0,0],[0,0],[1.234,-0.053],[0,0],[0,0],[0.432,1.156],[0,0],[0,0],[-0.965,0.768],[0,0],[0,0],[-1.029,-0.682],[0,0],[0,0]],"o":[[0,0],[0,0],[0.792,0.946],[0,0],[0,0],[-0.656,1.047],[0,0],[0,0],[-1.197,-0.3],[0,0],[0,0],[-0.085,-1.232],[0,0],[0,0],[1.145,-0.461]],"v":[[8.48,-7.778],[6.889,-2.049],[10.708,2.509],[9.632,4.953],[3.691,5.212],[0.538,10.251],[-2.12,9.983],[-4.201,4.413],[-9.969,2.971],[-10.535,0.361],[-5.882,-3.341],[-6.292,-9.271],[-3.984,-10.616],[0.974,-7.334],[6.488,-9.557]],"c":true},"ix":2},"nm":"Path 1","mn":"ADBE Vector Shape - Group","hd":false},{"ty":"fl","c":{"a":0,"k":[0.976000019148,0.851000019148,0.352999997606,1],"ix":4},"o":{"a":0,"k":100,"ix":5},"r":1,"bm":0,"nm":"Fill 1","mn":"ADBE Vector Graphic - Fill","hd":false},{"ty":"tr","p":{"a":0,"k":[382.409,229.058],"ix":2},"a":{"a":0,"k":[0,0],"ix":1},"s":{"a":0,"k":[100,100],"ix":3},"r":{"a":0,"k":0,"ix":6},"o":{"a":0,"k":100,"ix":7},"sk":{"a":0,"k":0,"ix":4},"sa":{"a":0,"k":0,"ix":5},"nm":"Transform"}],"nm":"Group 1","np":2,"cix":2,"bm":0,"ix":1,"mn":"ADBE Vector Group","hd":false}],"ip":110,"op":163,"st":-77,"bm":0},{"ddd":0,"ind":8,"ty":4,"nm":"star 3","sr":1,"ks":{"o":{"a":0,"k":100,"ix":11},"r":{"a":1,"k":[{"i":{"x":[0.241],"y":[1]},"o":{"x":[0.333],"y":[0]},"t":80,"s":[0]},{"t":133,"s":[180]}],"ix":10},"p":{"a":0,"k":[145.129,155.383,0],"ix":2},"a":{"a":0,"k":[382.39,229.1,0],"ix":1},"s":{"a":1,"k":[{"i":{"x":[0.296,0.296,0.833],"y":[1,1,1]},"o":{"x":[0.323,0.323,0.167],"y":[0,0,0]},"t":80,"s":[0,0,100]},{"i":{"x":[0.833,0.833,0.833],"y":[1,1,1]},"o":{"x":[0.167,0.167,0.167],"y":[0,0,0]},"t":93,"s":[100,100,100]},{"i":{"x":[0.179,0.179,0.833],"y":[1,1,1]},"o":{"x":[0.265,0.265,0.167],"y":[0,0,0]},"t":108,"s":[100,100,100]},{"t":127,"s":[0,0,100]}],"ix":6}},"ao":0,"shapes":[{"ty":"gr","it":[{"ind":0,"ty":"sh","ix":1,"ks":{"a":0,"k":{"i":[[0.33,-1.189],[0,0],[0,0],[1.234,-0.053],[0,0],[0,0],[0.432,1.156],[0,0],[0,0],[-0.965,0.768],[0,0],[0,0],[-1.029,-0.682],[0,0],[0,0]],"o":[[0,0],[0,0],[0.792,0.946],[0,0],[0,0],[-0.656,1.047],[0,0],[0,0],[-1.197,-0.3],[0,0],[0,0],[-0.085,-1.232],[0,0],[0,0],[1.145,-0.461]],"v":[[8.48,-7.778],[6.889,-2.049],[10.708,2.509],[9.632,4.953],[3.691,5.212],[0.538,10.251],[-2.12,9.983],[-4.201,4.413],[-9.969,2.971],[-10.535,0.361],[-5.882,-3.341],[-6.292,-9.271],[-3.984,-10.616],[0.974,-7.334],[6.488,-9.557]],"c":true},"ix":2},"nm":"Path 1","mn":"ADBE Vector Shape - Group","hd":false},{"ty":"fl","c":{"a":0,"k":[0.976000019148,0.851000019148,0.352999997606,1],"ix":4},"o":{"a":0,"k":100,"ix":5},"r":1,"bm":0,"nm":"Fill 1","mn":"ADBE Vector Graphic - Fill","hd":false},{"ty":"tr","p":{"a":0,"k":[382.409,229.058],"ix":2},"a":{"a":0,"k":[0,0],"ix":1},"s":{"a":0,"k":[100,100],"ix":3},"r":{"a":0,"k":0,"ix":6},"o":{"a":0,"k":100,"ix":7},"sk":{"a":0,"k":0,"ix":4},"sa":{"a":0,"k":0,"ix":5},"nm":"Transform"}],"nm":"Group 1","np":2,"cix":2,"bm":0,"ix":1,"mn":"ADBE Vector Group","hd":false}],"ip":80,"op":133,"st":-107,"bm":0},{"ddd":0,"ind":9,"ty":4,"nm":"music note 5","sr":1,"ks":{"o":{"a":0,"k":100,"ix":11},"r":{"a":1,"k":[{"i":{"x":[0.833],"y":[1.014]},"o":{"x":[0.167],"y":[0.167]},"t":180,"s":[24]},{"i":{"x":[0.833],"y":[0.967]},"o":{"x":[0.167],"y":[0.013]},"t":200,"s":[-53]},{"i":{"x":[0.833],"y":[0.979]},"o":{"x":[0.167],"y":[-0.046]},"t":222,"s":[38]},{"i":{"x":[0.833],"y":[0.755]},"o":{"x":[0.167],"y":[-0.04]},"t":241,"s":[-19]},{"t":266,"s":[21]}],"ix":10},"p":{"a":1,"k":[{"i":{"x":0.833,"y":1},"o":{"x":0.167,"y":0},"t":180,"s":[264.17,148.873,0],"to":[37.467,-82.395,0],"ti":[-65.967,-8.105,0]},{"t":280,"s":[425.969,35.505,0]}],"ix":2},"a":{"a":0,"k":[350.979,97.172,0],"ix":1},"s":{"a":1,"k":[{"i":{"x":[0.157,0.157,0.833],"y":[1,1,1]},"o":{"x":[0.38,0.38,0.167],"y":[0,0,0]},"t":180,"s":[0,0,100]},{"i":{"x":[0.157,0.157,0.833],"y":[1,1,1]},"o":{"x":[0.422,0.422,0.167],"y":[0,0,0]},"t":205,"s":[100,100,100]},{"i":{"x":[0.364,0.364,0.833],"y":[1,1,1]},"o":{"x":[0.422,0.422,0.167],"y":[0,0,0]},"t":226,"s":[100,100,100]},{"t":280,"s":[0,0,100]}],"ix":6}},"ao":0,"shapes":[{"ty":"gr","it":[{"ind":0,"ty":"sh","ix":1,"ks":{"a":0,"k":{"i":[[0,0],[-2.599,1.325]],"o":[[0,0],[0,0]],"v":[[-2.678,0.189],[2.678,-0.663]],"c":false},"ix":2},"nm":"Path 1","mn":"ADBE Vector Shape - Group","hd":false},{"ty":"st","c":{"a":0,"k":[0.144999994016,0.144999994016,0.144999994016,1],"ix":3},"o":{"a":0,"k":100,"ix":4},"w":{"a":0,"k":1,"ix":5},"lc":2,"lj":2,"bm":0,"nm":"Stroke 1","mn":"ADBE Vector Graphic - Stroke","hd":false},{"ty":"tr","p":{"a":0,"k":[364.238,93.238],"ix":2},"a":{"a":0,"k":[0,0],"ix":1},"s":{"a":0,"k":[100,100],"ix":3},"r":{"a":0,"k":0,"ix":6},"o":{"a":0,"k":100,"ix":7},"sk":{"a":0,"k":0,"ix":4},"sa":{"a":0,"k":0,"ix":5},"nm":"Transform"}],"nm":"Group 1","np":2,"cix":2,"bm":0,"ix":1,"mn":"ADBE Vector Group","hd":false},{"ty":"gr","it":[{"ind":0,"ty":"sh","ix":1,"ks":{"a":0,"k":{"i":[[0,0],[-0.422,-2.349]],"o":[[0,0],[0,0]],"v":[[-1.921,-1.75],[1.921,1.75]],"c":false},"ix":2},"nm":"Path 1","mn":"ADBE Vector Shape - Group","hd":false},{"ty":"st","c":{"a":0,"k":[0.144999994016,0.144999994016,0.144999994016,1],"ix":3},"o":{"a":0,"k":100,"ix":4},"w":{"a":0,"k":1,"ix":5},"lc":2,"lj":2,"bm":0,"nm":"Stroke 1","mn":"ADBE Vector Graphic - Stroke","hd":false},{"ty":"tr","p":{"a":0,"k":[360.609,106.069],"ix":2},"a":{"a":0,"k":[0,0],"ix":1},"s":{"a":0,"k":[100,100],"ix":3},"r":{"a":0,"k":0,"ix":6},"o":{"a":0,"k":100,"ix":7},"sk":{"a":0,"k":0,"ix":4},"sa":{"a":0,"k":0,"ix":5},"nm":"Transform"}],"nm":"Group 2","np":2,"cix":2,"bm":0,"ix":2,"mn":"ADBE Vector Group","hd":false},{"ty":"gr","it":[{"ind":0,"ty":"sh","ix":1,"ks":{"a":0,"k":{"i":[[0,0],[2.735,0.919]],"o":[[0,0],[0,0]],"v":[[1.992,2.214],[-1.991,-2.214]],"c":false},"ix":2},"nm":"Path 1","mn":"ADBE Vector Shape - Group","hd":false},{"ty":"st","c":{"a":0,"k":[0.144999994016,0.144999994016,0.144999994016,1],"ix":3},"o":{"a":0,"k":100,"ix":4},"w":{"a":0,"k":1,"ix":5},"lc":2,"lj":2,"bm":0,"nm":"Stroke 1","mn":"ADBE Vector Graphic - Stroke","hd":false},{"ty":"tr","p":{"a":0,"k":[342.357,95.123],"ix":2},"a":{"a":0,"k":[0,0],"ix":1},"s":{"a":0,"k":[100,100],"ix":3},"r":{"a":0,"k":0,"ix":6},"o":{"a":0,"k":100,"ix":7},"sk":{"a":0,"k":0,"ix":4},"sa":{"a":0,"k":0,"ix":5},"nm":"Transform"}],"nm":"Group 3","np":2,"cix":2,"bm":0,"ix":3,"mn":"ADBE Vector Group","hd":false},{"ty":"gr","it":[{"ind":0,"ty":"sh","ix":1,"ks":{"a":0,"k":{"i":[[5.947,4.896],[7.814,-2.714],[-0.442,6.545],[-4.351,-2.692],[-12.076,-3.511],[0.167,-7.588],[6.485,-4.333],[3.268,3.283],[-13.114,-2.844],[-0.233,2.358]],"o":[[0,0],[-7.813,2.713],[0.44,-6.545],[0,0],[12.077,3.511],[-0.167,7.588],[-5.528,3.693],[-4.371,-4.393],[0,0],[0,0]],"v":[[0.288,-7.954],[-8.845,12.732],[-22.954,3.491],[-10.484,-3.466],[2.875,-22.729],[23.228,-5.85],[11.682,22.546],[-2.72,21.418],[7.837,7.945],[10.71,-2.947]],"c":true},"ix":2},"nm":"Path 1","mn":"ADBE Vector Shape - Group","hd":false},{"ty":"fl","c":{"a":0,"k":[1,0.556862745098,0.929411764706,1],"ix":4},"o":{"a":0,"k":100,"ix":5},"r":1,"bm":0,"nm":"Fill 1","mn":"ADBE Vector Graphic - Fill","hd":false},{"ty":"tr","p":{"a":0,"k":[350.851,96.374],"ix":2},"a":{"a":0,"k":[0,0],"ix":1},"s":{"a":0,"k":[100,100],"ix":3},"r":{"a":0,"k":0,"ix":6},"o":{"a":0,"k":100,"ix":7},"sk":{"a":0,"k":0,"ix":4},"sa":{"a":0,"k":0,"ix":5},"nm":"Transform"}],"nm":"Group 4","np":2,"cix":2,"bm":0,"ix":4,"mn":"ADBE Vector Group","hd":false}],"ip":180,"op":280,"st":140,"bm":0},{"ddd":0,"ind":10,"ty":4,"nm":"music note 4","sr":1,"ks":{"o":{"a":0,"k":100,"ix":11},"r":{"a":1,"k":[{"i":{"x":[0.833],"y":[0.977]},"o":{"x":[0.167],"y":[0.167]},"t":150,"s":[24]},{"i":{"x":[0.833],"y":[1.021]},"o":{"x":[0.167],"y":[-0.035]},"t":170,"s":[-53]},{"i":{"x":[0.833],"y":[1]},"o":{"x":[0.167],"y":[0.015]},"t":192,"s":[2]},{"i":{"x":[0.833],"y":[0.833]},"o":{"x":[0.167],"y":[0]},"t":211,"s":[-66]},{"t":228,"s":[2]}],"ix":10},"p":{"s":true,"x":{"a":1,"k":[{"i":{"x":[0.438],"y":[0.974]},"o":{"x":[0.123],"y":[0.226]},"t":154,"s":[255.776]},{"t":240,"s":[90.511]}],"ix":3},"y":{"a":1,"k":[{"i":{"x":[0.288],"y":[0.075]},"o":{"x":[0.178],"y":[-0.13]},"t":154,"s":[154.951]},{"t":240,"s":[60.961]}],"ix":4}},"a":{"a":0,"k":[167.486,134.807,0],"ix":1},"s":{"a":1,"k":[{"i":{"x":[0.157,0.157,0.833],"y":[1,1,1]},"o":{"x":[0.38,0.38,0.167],"y":[0,0,0]},"t":150,"s":[0,0,100]},{"i":{"x":[0.157,0.157,0.833],"y":[1,1,1]},"o":{"x":[0.422,0.422,0.167],"y":[0,0,0]},"t":175,"s":[100,100,100]},{"i":{"x":[0.364,0.364,0.833],"y":[1,1,1]},"o":{"x":[0.422,0.422,0.167],"y":[0,0,0]},"t":196,"s":[100,100,100]},{"t":240,"s":[0,0,100]}],"ix":6}},"ao":0,"shapes":[{"ty":"gr","it":[{"ind":0,"ty":"sh","ix":1,"ks":{"a":0,"k":{"i":[[0,0],[-3.098,-2.674]],"o":[[0,0],[0,0]],"v":[[-3.324,-2.606],[3.324,2.606]],"c":false},"ix":2},"nm":"Path 1","mn":"ADBE Vector Shape - Group","hd":false},{"ty":"st","c":{"a":0,"k":[0.144999994016,0.144999994016,0.144999994016,1],"ix":3},"o":{"a":0,"k":100,"ix":4},"w":{"a":0,"k":1,"ix":5},"lc":2,"lj":2,"bm":0,"nm":"Stroke 1","mn":"ADBE Vector Graphic - Stroke","hd":false},{"ty":"tr","p":{"a":0,"k":[166.624,125.531],"ix":2},"a":{"a":0,"k":[0,0],"ix":1},"s":{"a":0,"k":[100,100],"ix":3},"r":{"a":0,"k":0,"ix":6},"o":{"a":0,"k":100,"ix":7},"sk":{"a":0,"k":0,"ix":4},"sa":{"a":0,"k":0,"ix":5},"nm":"Transform"}],"nm":"Group 1","np":2,"cix":2,"bm":0,"ix":1,"mn":"ADBE Vector Group","hd":false},{"ty":"gr","it":[{"ind":0,"ty":"sh","ix":1,"ks":{"a":0,"k":{"i":[[0,0],[-3.691,-2.308]],"o":[[0,0],[0,0]],"v":[[-3.831,0.375],[3.831,1.154]],"c":false},"ix":2},"nm":"Path 1","mn":"ADBE Vector Shape - Group","hd":false},{"ty":"st","c":{"a":0,"k":[0.144999994016,0.144999994016,0.144999994016,1],"ix":3},"o":{"a":0,"k":100,"ix":4},"w":{"a":0,"k":1,"ix":5},"lc":2,"lj":2,"bm":0,"nm":"Stroke 1","mn":"ADBE Vector Graphic - Stroke","hd":false},{"ty":"tr","p":{"a":0,"k":[169.234,139.176],"ix":2},"a":{"a":0,"k":[0,0],"ix":1},"s":{"a":0,"k":[100,100],"ix":3},"r":{"a":0,"k":0,"ix":6},"o":{"a":0,"k":100,"ix":7},"sk":{"a":0,"k":0,"ix":4},"sa":{"a":0,"k":0,"ix":5},"nm":"Transform"}],"nm":"Group 2","np":2,"cix":2,"bm":0,"ix":2,"mn":"ADBE Vector Group","hd":false},{"ty":"gr","it":[{"ind":0,"ty":"sh","ix":1,"ks":{"a":0,"k":{"i":[[14.772,9.886],[-2.706,3.173],[9.26,-2.129],[0,0],[-2.175,-6.643],[-4.925,3.595]],"o":[[0,0],[2.707,-3.173],[-11.502,2.645],[0,0],[2.177,6.643],[4.925,-3.596]],"v":[[2.682,-8.12],[12.658,-5.237],[-5.951,-18.606],[0.492,4.986],[-3.064,13.532],[11.761,17.14]],"c":true},"ix":2},"nm":"Path 1","mn":"ADBE Vector Shape - Group","hd":false},{"ty":"fl","c":{"a":0,"k":[1,0.556862745098,0.929411764706,1],"ix":4},"o":{"a":0,"k":100,"ix":5},"r":1,"bm":0,"nm":"Fill 1","mn":"ADBE Vector Graphic - Fill","hd":false},{"ty":"tr","p":{"a":0,"k":[164.911,134.564],"ix":2},"a":{"a":0,"k":[0,0],"ix":1},"s":{"a":0,"k":[100,100],"ix":3},"r":{"a":0,"k":0,"ix":6},"o":{"a":0,"k":100,"ix":7},"sk":{"a":0,"k":0,"ix":4},"sa":{"a":0,"k":0,"ix":5},"nm":"Transform"}],"nm":"Group 3","np":2,"cix":2,"bm":0,"ix":3,"mn":"ADBE Vector Group","hd":false}],"ip":150,"op":240,"st":120,"bm":0},{"ddd":0,"ind":11,"ty":4,"nm":"music note 3","sr":1,"ks":{"o":{"a":0,"k":100,"ix":11},"r":{"a":1,"k":[{"i":{"x":[0.833],"y":[1.014]},"o":{"x":[0.167],"y":[0.167]},"t":110,"s":[24]},{"i":{"x":[0.833],"y":[0.967]},"o":{"x":[0.167],"y":[0.013]},"t":130,"s":[-53]},{"i":{"x":[0.833],"y":[0.979]},"o":{"x":[0.167],"y":[-0.046]},"t":152,"s":[38]},{"i":{"x":[0.833],"y":[0.755]},"o":{"x":[0.167],"y":[-0.04]},"t":171,"s":[-19]},{"t":196,"s":[21]}],"ix":10},"p":{"a":1,"k":[{"i":{"x":0.833,"y":1},"o":{"x":0.167,"y":0},"t":110,"s":[264.17,148.873,0],"to":[53.467,72.105,0],"ti":[-42.467,37.395,0]},{"t":210,"s":[495.208,155.018,0]}],"ix":2},"a":{"a":0,"k":[350.979,97.172,0],"ix":1},"s":{"a":1,"k":[{"i":{"x":[0.157,0.157,0.833],"y":[1,1,1]},"o":{"x":[0.38,0.38,0.167],"y":[0,0,0]},"t":110,"s":[0,0,100]},{"i":{"x":[0.157,0.157,0.833],"y":[1,1,1]},"o":{"x":[0.422,0.422,0.167],"y":[0,0,0]},"t":135,"s":[100,100,100]},{"i":{"x":[0.364,0.364,0.833],"y":[1,1,1]},"o":{"x":[0.422,0.422,0.167],"y":[0,0,0]},"t":156,"s":[100,100,100]},{"t":210,"s":[0,0,100]}],"ix":6}},"ao":0,"shapes":[{"ty":"gr","it":[{"ind":0,"ty":"sh","ix":1,"ks":{"a":0,"k":{"i":[[0,0],[-2.599,1.325]],"o":[[0,0],[0,0]],"v":[[-2.678,0.189],[2.678,-0.663]],"c":false},"ix":2},"nm":"Path 1","mn":"ADBE Vector Shape - Group","hd":false},{"ty":"st","c":{"a":0,"k":[0.144999994016,0.144999994016,0.144999994016,1],"ix":3},"o":{"a":0,"k":100,"ix":4},"w":{"a":0,"k":1,"ix":5},"lc":2,"lj":2,"bm":0,"nm":"Stroke 1","mn":"ADBE Vector Graphic - Stroke","hd":false},{"ty":"tr","p":{"a":0,"k":[364.238,93.238],"ix":2},"a":{"a":0,"k":[0,0],"ix":1},"s":{"a":0,"k":[100,100],"ix":3},"r":{"a":0,"k":0,"ix":6},"o":{"a":0,"k":100,"ix":7},"sk":{"a":0,"k":0,"ix":4},"sa":{"a":0,"k":0,"ix":5},"nm":"Transform"}],"nm":"Group 1","np":2,"cix":2,"bm":0,"ix":1,"mn":"ADBE Vector Group","hd":false},{"ty":"gr","it":[{"ind":0,"ty":"sh","ix":1,"ks":{"a":0,"k":{"i":[[0,0],[-0.422,-2.349]],"o":[[0,0],[0,0]],"v":[[-1.921,-1.75],[1.921,1.75]],"c":false},"ix":2},"nm":"Path 1","mn":"ADBE Vector Shape - Group","hd":false},{"ty":"st","c":{"a":0,"k":[0.144999994016,0.144999994016,0.144999994016,1],"ix":3},"o":{"a":0,"k":100,"ix":4},"w":{"a":0,"k":1,"ix":5},"lc":2,"lj":2,"bm":0,"nm":"Stroke 1","mn":"ADBE Vector Graphic - Stroke","hd":false},{"ty":"tr","p":{"a":0,"k":[360.609,106.069],"ix":2},"a":{"a":0,"k":[0,0],"ix":1},"s":{"a":0,"k":[100,100],"ix":3},"r":{"a":0,"k":0,"ix":6},"o":{"a":0,"k":100,"ix":7},"sk":{"a":0,"k":0,"ix":4},"sa":{"a":0,"k":0,"ix":5},"nm":"Transform"}],"nm":"Group 2","np":2,"cix":2,"bm":0,"ix":2,"mn":"ADBE Vector Group","hd":false},{"ty":"gr","it":[{"ind":0,"ty":"sh","ix":1,"ks":{"a":0,"k":{"i":[[0,0],[2.735,0.919]],"o":[[0,0],[0,0]],"v":[[1.992,2.214],[-1.991,-2.214]],"c":false},"ix":2},"nm":"Path 1","mn":"ADBE Vector Shape - Group","hd":false},{"ty":"st","c":{"a":0,"k":[0.144999994016,0.144999994016,0.144999994016,1],"ix":3},"o":{"a":0,"k":100,"ix":4},"w":{"a":0,"k":1,"ix":5},"lc":2,"lj":2,"bm":0,"nm":"Stroke 1","mn":"ADBE Vector Graphic - Stroke","hd":false},{"ty":"tr","p":{"a":0,"k":[342.357,95.123],"ix":2},"a":{"a":0,"k":[0,0],"ix":1},"s":{"a":0,"k":[100,100],"ix":3},"r":{"a":0,"k":0,"ix":6},"o":{"a":0,"k":100,"ix":7},"sk":{"a":0,"k":0,"ix":4},"sa":{"a":0,"k":0,"ix":5},"nm":"Transform"}],"nm":"Group 3","np":2,"cix":2,"bm":0,"ix":3,"mn":"ADBE Vector Group","hd":false},{"ty":"gr","it":[{"ind":0,"ty":"sh","ix":1,"ks":{"a":0,"k":{"i":[[5.947,4.896],[7.814,-2.714],[-0.442,6.545],[-4.351,-2.692],[-12.076,-3.511],[0.167,-7.588],[6.485,-4.333],[3.268,3.283],[-13.114,-2.844],[-0.233,2.358]],"o":[[0,0],[-7.813,2.713],[0.44,-6.545],[0,0],[12.077,3.511],[-0.167,7.588],[-5.528,3.693],[-4.371,-4.393],[0,0],[0,0]],"v":[[0.288,-7.954],[-8.845,12.732],[-22.954,3.491],[-10.484,-3.466],[2.875,-22.729],[23.228,-5.85],[11.682,22.546],[-2.72,21.418],[7.837,7.945],[10.71,-2.947]],"c":true},"ix":2},"nm":"Path 1","mn":"ADBE Vector Shape - Group","hd":false},{"ty":"fl","c":{"a":0,"k":[1,0.556862745098,0.929411764706,1],"ix":4},"o":{"a":0,"k":100,"ix":5},"r":1,"bm":0,"nm":"Fill 1","mn":"ADBE Vector Graphic - Fill","hd":false},{"ty":"tr","p":{"a":0,"k":[350.851,96.374],"ix":2},"a":{"a":0,"k":[0,0],"ix":1},"s":{"a":0,"k":[100,100],"ix":3},"r":{"a":0,"k":0,"ix":6},"o":{"a":0,"k":100,"ix":7},"sk":{"a":0,"k":0,"ix":4},"sa":{"a":0,"k":0,"ix":5},"nm":"Transform"}],"nm":"Group 4","np":2,"cix":2,"bm":0,"ix":4,"mn":"ADBE Vector Group","hd":false}],"ip":110,"op":210,"st":70,"bm":0},{"ddd":0,"ind":12,"ty":4,"nm":"star 2","sr":1,"ks":{"o":{"a":0,"k":100,"ix":11},"r":{"a":1,"k":[{"i":{"x":[0.241],"y":[1]},"o":{"x":[0.333],"y":[0]},"t":64,"s":[0]},{"t":117,"s":[180]}],"ix":10},"p":{"a":0,"k":[353.629,203.883,0],"ix":2},"a":{"a":0,"k":[382.39,229.1,0],"ix":1},"s":{"a":1,"k":[{"i":{"x":[0.296,0.296,0.833],"y":[1,1,1]},"o":{"x":[0.323,0.323,0.167],"y":[0,0,0]},"t":64,"s":[0,0,100]},{"i":{"x":[0.833,0.833,0.833],"y":[1,1,1]},"o":{"x":[0.167,0.167,0.167],"y":[0,0,0]},"t":77,"s":[100,100,100]},{"i":{"x":[0.179,0.179,0.833],"y":[1,1,1]},"o":{"x":[0.265,0.265,0.167],"y":[0,0,0]},"t":92,"s":[100,100,100]},{"t":111,"s":[0,0,100]}],"ix":6}},"ao":0,"shapes":[{"ty":"gr","it":[{"ind":0,"ty":"sh","ix":1,"ks":{"a":0,"k":{"i":[[0.33,-1.189],[0,0],[0,0],[1.234,-0.053],[0,0],[0,0],[0.432,1.156],[0,0],[0,0],[-0.965,0.768],[0,0],[0,0],[-1.029,-0.682],[0,0],[0,0]],"o":[[0,0],[0,0],[0.792,0.946],[0,0],[0,0],[-0.656,1.047],[0,0],[0,0],[-1.197,-0.3],[0,0],[0,0],[-0.085,-1.232],[0,0],[0,0],[1.145,-0.461]],"v":[[8.48,-7.778],[6.889,-2.049],[10.708,2.509],[9.632,4.953],[3.691,5.212],[0.538,10.251],[-2.12,9.983],[-4.201,4.413],[-9.969,2.971],[-10.535,0.361],[-5.882,-3.341],[-6.292,-9.271],[-3.984,-10.616],[0.974,-7.334],[6.488,-9.557]],"c":true},"ix":2},"nm":"Path 1","mn":"ADBE Vector Shape - Group","hd":false},{"ty":"fl","c":{"a":0,"k":[0.976000019148,0.851000019148,0.352999997606,1],"ix":4},"o":{"a":0,"k":100,"ix":5},"r":1,"bm":0,"nm":"Fill 1","mn":"ADBE Vector Graphic - Fill","hd":false},{"ty":"tr","p":{"a":0,"k":[382.409,229.058],"ix":2},"a":{"a":0,"k":[0,0],"ix":1},"s":{"a":0,"k":[100,100],"ix":3},"r":{"a":0,"k":0,"ix":6},"o":{"a":0,"k":100,"ix":7},"sk":{"a":0,"k":0,"ix":4},"sa":{"a":0,"k":0,"ix":5},"nm":"Transform"}],"nm":"Group 1","np":2,"cix":2,"bm":0,"ix":1,"mn":"ADBE Vector Group","hd":false}],"ip":64,"op":117,"st":-123,"bm":0},{"ddd":0,"ind":13,"ty":4,"nm":"star","sr":1,"ks":{"o":{"a":0,"k":100,"ix":11},"r":{"a":1,"k":[{"i":{"x":[0.241],"y":[1]},"o":{"x":[0.333],"y":[0]},"t":40,"s":[0]},{"t":93,"s":[180]}],"ix":10},"p":{"a":0,"k":[161.39,105.6,0],"ix":2},"a":{"a":0,"k":[382.39,229.1,0],"ix":1},"s":{"a":1,"k":[{"i":{"x":[0.296,0.296,0.833],"y":[1,1,1]},"o":{"x":[0.323,0.323,0.167],"y":[0,0,0]},"t":40,"s":[0,0,100]},{"i":{"x":[0.833,0.833,0.833],"y":[1,1,1]},"o":{"x":[0.167,0.167,0.167],"y":[0,0,0]},"t":53,"s":[100,100,100]},{"i":{"x":[0.179,0.179,0.833],"y":[1,1,1]},"o":{"x":[0.265,0.265,0.167],"y":[0,0,0]},"t":68,"s":[100,100,100]},{"t":87,"s":[0,0,100]}],"ix":6}},"ao":0,"shapes":[{"ty":"gr","it":[{"ind":0,"ty":"sh","ix":1,"ks":{"a":0,"k":{"i":[[0.33,-1.189],[0,0],[0,0],[1.234,-0.053],[0,0],[0,0],[0.432,1.156],[0,0],[0,0],[-0.965,0.768],[0,0],[0,0],[-1.029,-0.682],[0,0],[0,0]],"o":[[0,0],[0,0],[0.792,0.946],[0,0],[0,0],[-0.656,1.047],[0,0],[0,0],[-1.197,-0.3],[0,0],[0,0],[-0.085,-1.232],[0,0],[0,0],[1.145,-0.461]],"v":[[8.48,-7.778],[6.889,-2.049],[10.708,2.509],[9.632,4.953],[3.691,5.212],[0.538,10.251],[-2.12,9.983],[-4.201,4.413],[-9.969,2.971],[-10.535,0.361],[-5.882,-3.341],[-6.292,-9.271],[-3.984,-10.616],[0.974,-7.334],[6.488,-9.557]],"c":true},"ix":2},"nm":"Path 1","mn":"ADBE Vector Shape - Group","hd":false},{"ty":"fl","c":{"a":0,"k":[0.976000019148,0.851000019148,0.352999997606,1],"ix":4},"o":{"a":0,"k":100,"ix":5},"r":1,"bm":0,"nm":"Fill 1","mn":"ADBE Vector Graphic - Fill","hd":false},{"ty":"tr","p":{"a":0,"k":[382.409,229.058],"ix":2},"a":{"a":0,"k":[0,0],"ix":1},"s":{"a":0,"k":[70,70],"ix":3},"r":{"a":0,"k":0,"ix":6},"o":{"a":0,"k":100,"ix":7},"sk":{"a":0,"k":0,"ix":4},"sa":{"a":0,"k":0,"ix":5},"nm":"Transform"}],"nm":"Group 1","np":2,"cix":2,"bm":0,"ix":1,"mn":"ADBE Vector Group","hd":false}],"ip":40,"op":93,"st":-147,"bm":0},{"ddd":0,"ind":14,"ty":4,"nm":"music note","sr":1,"ks":{"o":{"a":0,"k":100,"ix":11},"r":{"a":1,"k":[{"i":{"x":[0.833],"y":[1.014]},"o":{"x":[0.167],"y":[0.167]},"t":45,"s":[24]},{"i":{"x":[0.833],"y":[0.967]},"o":{"x":[0.167],"y":[0.013]},"t":65,"s":[-53]},{"i":{"x":[0.833],"y":[0.979]},"o":{"x":[0.167],"y":[-0.046]},"t":87,"s":[38]},{"i":{"x":[0.833],"y":[0.755]},"o":{"x":[0.167],"y":[-0.04]},"t":106,"s":[-19]},{"t":131,"s":[21]}],"ix":10},"p":{"a":1,"k":[{"i":{"x":0.833,"y":1},"o":{"x":0.167,"y":0},"t":45,"s":[264.17,148.873,0],"to":[37.467,-82.395,0],"ti":[-65.967,-8.105,0]},{"t":145,"s":[425.969,35.505,0]}],"ix":2},"a":{"a":0,"k":[350.979,97.172,0],"ix":1},"s":{"a":1,"k":[{"i":{"x":[0.157,0.157,0.833],"y":[1,1,1]},"o":{"x":[0.38,0.38,0.167],"y":[0,0,0]},"t":45,"s":[0,0,100]},{"i":{"x":[0.157,0.157,0.833],"y":[1,1,1]},"o":{"x":[0.422,0.422,0.167],"y":[0,0,0]},"t":70,"s":[100,100,100]},{"i":{"x":[0.364,0.364,0.833],"y":[1,1,1]},"o":{"x":[0.422,0.422,0.167],"y":[0,0,0]},"t":91,"s":[100,100,100]},{"t":145,"s":[0,0,100]}],"ix":6}},"ao":0,"shapes":[{"ty":"gr","it":[{"ind":0,"ty":"sh","ix":1,"ks":{"a":0,"k":{"i":[[0,0],[-2.599,1.325]],"o":[[0,0],[0,0]],"v":[[-2.678,0.189],[2.678,-0.663]],"c":false},"ix":2},"nm":"Path 1","mn":"ADBE Vector Shape - Group","hd":false},{"ty":"st","c":{"a":0,"k":[0.144999994016,0.144999994016,0.144999994016,1],"ix":3},"o":{"a":0,"k":100,"ix":4},"w":{"a":0,"k":1,"ix":5},"lc":2,"lj":2,"bm":0,"nm":"Stroke 1","mn":"ADBE Vector Graphic - Stroke","hd":false},{"ty":"tr","p":{"a":0,"k":[364.238,93.238],"ix":2},"a":{"a":0,"k":[0,0],"ix":1},"s":{"a":0,"k":[100,100],"ix":3},"r":{"a":0,"k":0,"ix":6},"o":{"a":0,"k":100,"ix":7},"sk":{"a":0,"k":0,"ix":4},"sa":{"a":0,"k":0,"ix":5},"nm":"Transform"}],"nm":"Group 1","np":2,"cix":2,"bm":0,"ix":1,"mn":"ADBE Vector Group","hd":false},{"ty":"gr","it":[{"ind":0,"ty":"sh","ix":1,"ks":{"a":0,"k":{"i":[[0,0],[-0.422,-2.349]],"o":[[0,0],[0,0]],"v":[[-1.921,-1.75],[1.921,1.75]],"c":false},"ix":2},"nm":"Path 1","mn":"ADBE Vector Shape - Group","hd":false},{"ty":"st","c":{"a":0,"k":[0.144999994016,0.144999994016,0.144999994016,1],"ix":3},"o":{"a":0,"k":100,"ix":4},"w":{"a":0,"k":1,"ix":5},"lc":2,"lj":2,"bm":0,"nm":"Stroke 1","mn":"ADBE Vector Graphic - Stroke","hd":false},{"ty":"tr","p":{"a":0,"k":[360.609,106.069],"ix":2},"a":{"a":0,"k":[0,0],"ix":1},"s":{"a":0,"k":[100,100],"ix":3},"r":{"a":0,"k":0,"ix":6},"o":{"a":0,"k":100,"ix":7},"sk":{"a":0,"k":0,"ix":4},"sa":{"a":0,"k":0,"ix":5},"nm":"Transform"}],"nm":"Group 2","np":2,"cix":2,"bm":0,"ix":2,"mn":"ADBE Vector Group","hd":false},{"ty":"gr","it":[{"ind":0,"ty":"sh","ix":1,"ks":{"a":0,"k":{"i":[[0,0],[2.735,0.919]],"o":[[0,0],[0,0]],"v":[[1.992,2.214],[-1.991,-2.214]],"c":false},"ix":2},"nm":"Path 1","mn":"ADBE Vector Shape - Group","hd":false},{"ty":"st","c":{"a":0,"k":[0.144999994016,0.144999994016,0.144999994016,1],"ix":3},"o":{"a":0,"k":100,"ix":4},"w":{"a":0,"k":1,"ix":5},"lc":2,"lj":2,"bm":0,"nm":"Stroke 1","mn":"ADBE Vector Graphic - Stroke","hd":false},{"ty":"tr","p":{"a":0,"k":[342.357,95.123],"ix":2},"a":{"a":0,"k":[0,0],"ix":1},"s":{"a":0,"k":[100,100],"ix":3},"r":{"a":0,"k":0,"ix":6},"o":{"a":0,"k":100,"ix":7},"sk":{"a":0,"k":0,"ix":4},"sa":{"a":0,"k":0,"ix":5},"nm":"Transform"}],"nm":"Group 3","np":2,"cix":2,"bm":0,"ix":3,"mn":"ADBE Vector Group","hd":false},{"ty":"gr","it":[{"ind":0,"ty":"sh","ix":1,"ks":{"a":0,"k":{"i":[[5.947,4.896],[7.814,-2.714],[-0.442,6.545],[-4.351,-2.692],[-12.076,-3.511],[0.167,-7.588],[6.485,-4.333],[3.268,3.283],[-13.114,-2.844],[-0.233,2.358]],"o":[[0,0],[-7.813,2.713],[0.44,-6.545],[0,0],[12.077,3.511],[-0.167,7.588],[-5.528,3.693],[-4.371,-4.393],[0,0],[0,0]],"v":[[0.288,-7.954],[-8.845,12.732],[-22.954,3.491],[-10.484,-3.466],[2.875,-22.729],[23.228,-5.85],[11.682,22.546],[-2.72,21.418],[7.837,7.945],[10.71,-2.947]],"c":true},"ix":2},"nm":"Path 1","mn":"ADBE Vector Shape - Group","hd":false},{"ty":"fl","c":{"a":0,"k":[1,0.556862745098,0.929411764706,1],"ix":4},"o":{"a":0,"k":100,"ix":5},"r":1,"bm":0,"nm":"Fill 1","mn":"ADBE Vector Graphic - Fill","hd":false},{"ty":"tr","p":{"a":0,"k":[350.851,96.374],"ix":2},"a":{"a":0,"k":[0,0],"ix":1},"s":{"a":0,"k":[100,100],"ix":3},"r":{"a":0,"k":0,"ix":6},"o":{"a":0,"k":100,"ix":7},"sk":{"a":0,"k":0,"ix":4},"sa":{"a":0,"k":0,"ix":5},"nm":"Transform"}],"nm":"Group 4","np":2,"cix":2,"bm":0,"ix":4,"mn":"ADBE Vector Group","hd":false}],"ip":45,"op":145,"st":5,"bm":0},{"ddd":0,"ind":15,"ty":4,"nm":"music note 2","sr":1,"ks":{"o":{"a":0,"k":100,"ix":11},"r":{"a":1,"k":[{"i":{"x":[0.833],"y":[0.977]},"o":{"x":[0.167],"y":[0.167]},"t":80,"s":[24]},{"i":{"x":[0.833],"y":[1.021]},"o":{"x":[0.167],"y":[-0.035]},"t":100,"s":[-53]},{"i":{"x":[0.833],"y":[1]},"o":{"x":[0.167],"y":[0.015]},"t":122,"s":[2]},{"i":{"x":[0.833],"y":[0.833]},"o":{"x":[0.167],"y":[0]},"t":141,"s":[-66]},{"t":158,"s":[2]}],"ix":10},"p":{"s":true,"x":{"a":1,"k":[{"i":{"x":[0.525],"y":[0.692]},"o":{"x":[0.197],"y":[0.334]},"t":84,"s":[255.776]},{"i":{"x":[0.561],"y":[0.934]},"o":{"x":[0.232],"y":[0.524]},"t":107,"s":[207.889]},{"t":170,"s":[170.192]}],"ix":3},"y":{"a":1,"k":[{"i":{"x":[0.558],"y":[0.275]},"o":{"x":[0.305],"y":[-0.149]},"t":84,"s":[154.951]},{"i":{"x":[0.475],"y":[0.63]},"o":{"x":[0.19],"y":[0.253]},"t":107,"s":[117.121]},{"t":170,"s":[-10.039]}],"ix":4}},"a":{"a":0,"k":[167.486,134.807,0],"ix":1},"s":{"a":1,"k":[{"i":{"x":[0.157,0.157,0.833],"y":[1,1,1]},"o":{"x":[0.38,0.38,0.167],"y":[0,0,0]},"t":80,"s":[0,0,100]},{"i":{"x":[0.157,0.157,0.833],"y":[1,1,1]},"o":{"x":[0.422,0.422,0.167],"y":[0,0,0]},"t":105,"s":[100,100,100]},{"i":{"x":[0.364,0.364,0.833],"y":[1,1,1]},"o":{"x":[0.422,0.422,0.167],"y":[0,0,0]},"t":126,"s":[100,100,100]},{"t":170,"s":[0,0,100]}],"ix":6}},"ao":0,"shapes":[{"ty":"gr","it":[{"ind":0,"ty":"sh","ix":1,"ks":{"a":0,"k":{"i":[[0,0],[-3.098,-2.674]],"o":[[0,0],[0,0]],"v":[[-3.324,-2.606],[3.324,2.606]],"c":false},"ix":2},"nm":"Path 1","mn":"ADBE Vector Shape - Group","hd":false},{"ty":"st","c":{"a":0,"k":[0.144999994016,0.144999994016,0.144999994016,1],"ix":3},"o":{"a":0,"k":100,"ix":4},"w":{"a":0,"k":1,"ix":5},"lc":2,"lj":2,"bm":0,"nm":"Stroke 1","mn":"ADBE Vector Graphic - Stroke","hd":false},{"ty":"tr","p":{"a":0,"k":[166.624,125.531],"ix":2},"a":{"a":0,"k":[0,0],"ix":1},"s":{"a":0,"k":[100,100],"ix":3},"r":{"a":0,"k":0,"ix":6},"o":{"a":0,"k":100,"ix":7},"sk":{"a":0,"k":0,"ix":4},"sa":{"a":0,"k":0,"ix":5},"nm":"Transform"}],"nm":"Group 1","np":2,"cix":2,"bm":0,"ix":1,"mn":"ADBE Vector Group","hd":false},{"ty":"gr","it":[{"ind":0,"ty":"sh","ix":1,"ks":{"a":0,"k":{"i":[[0,0],[-3.691,-2.308]],"o":[[0,0],[0,0]],"v":[[-3.831,0.375],[3.831,1.154]],"c":false},"ix":2},"nm":"Path 1","mn":"ADBE Vector Shape - Group","hd":false},{"ty":"st","c":{"a":0,"k":[0.144999994016,0.144999994016,0.144999994016,1],"ix":3},"o":{"a":0,"k":100,"ix":4},"w":{"a":0,"k":1,"ix":5},"lc":2,"lj":2,"bm":0,"nm":"Stroke 1","mn":"ADBE Vector Graphic - Stroke","hd":false},{"ty":"tr","p":{"a":0,"k":[169.234,139.176],"ix":2},"a":{"a":0,"k":[0,0],"ix":1},"s":{"a":0,"k":[100,100],"ix":3},"r":{"a":0,"k":0,"ix":6},"o":{"a":0,"k":100,"ix":7},"sk":{"a":0,"k":0,"ix":4},"sa":{"a":0,"k":0,"ix":5},"nm":"Transform"}],"nm":"Group 2","np":2,"cix":2,"bm":0,"ix":2,"mn":"ADBE Vector Group","hd":false},{"ty":"gr","it":[{"ind":0,"ty":"sh","ix":1,"ks":{"a":0,"k":{"i":[[14.772,9.886],[-2.706,3.173],[9.26,-2.129],[0,0],[-2.175,-6.643],[-4.925,3.595]],"o":[[0,0],[2.707,-3.173],[-11.502,2.645],[0,0],[2.177,6.643],[4.925,-3.596]],"v":[[2.682,-8.12],[12.658,-5.237],[-5.951,-18.606],[0.492,4.986],[-3.064,13.532],[11.761,17.14]],"c":true},"ix":2},"nm":"Path 1","mn":"ADBE Vector Shape - Group","hd":false},{"ty":"fl","c":{"a":0,"k":[1,0.556862745098,0.929411764706,1],"ix":4},"o":{"a":0,"k":100,"ix":5},"r":1,"bm":0,"nm":"Fill 1","mn":"ADBE Vector Graphic - Fill","hd":false},{"ty":"tr","p":{"a":0,"k":[164.911,134.564],"ix":2},"a":{"a":0,"k":[0,0],"ix":1},"s":{"a":0,"k":[100,100],"ix":3},"r":{"a":0,"k":0,"ix":6},"o":{"a":0,"k":100,"ix":7},"sk":{"a":0,"k":0,"ix":4},"sa":{"a":0,"k":0,"ix":5},"nm":"Transform"}],"nm":"Group 3","np":2,"cix":2,"bm":0,"ix":3,"mn":"ADBE Vector Group","hd":false}],"ip":80,"op":170,"st":50,"bm":0},{"ddd":0,"ind":16,"ty":4,"nm":"music note","sr":1,"ks":{"o":{"a":0,"k":100,"ix":11},"r":{"a":1,"k":[{"i":{"x":[0.833],"y":[0.977]},"o":{"x":[0.167],"y":[0.167]},"t":30,"s":[24]},{"i":{"x":[0.833],"y":[1.021]},"o":{"x":[0.167],"y":[-0.035]},"t":50,"s":[-53]},{"i":{"x":[0.833],"y":[1]},"o":{"x":[0.167],"y":[0.015]},"t":72,"s":[2]},{"i":{"x":[0.833],"y":[0.833]},"o":{"x":[0.167],"y":[0]},"t":91,"s":[-66]},{"t":108,"s":[2]}],"ix":10},"p":{"s":true,"x":{"a":1,"k":[{"i":{"x":[0.438],"y":[0.974]},"o":{"x":[0.123],"y":[0.226]},"t":34,"s":[255.776]},{"t":120,"s":[90.511]}],"ix":3},"y":{"a":1,"k":[{"i":{"x":[0.288],"y":[0.075]},"o":{"x":[0.178],"y":[-0.13]},"t":34,"s":[154.951]},{"t":120,"s":[60.961]}],"ix":4}},"a":{"a":0,"k":[167.486,134.807,0],"ix":1},"s":{"a":1,"k":[{"i":{"x":[0.157,0.157,0.833],"y":[1,1,1]},"o":{"x":[0.38,0.38,0.167],"y":[0,0,0]},"t":30,"s":[0,0,100]},{"i":{"x":[0.157,0.157,0.833],"y":[1,1,1]},"o":{"x":[0.422,0.422,0.167],"y":[0,0,0]},"t":55,"s":[100,100,100]},{"i":{"x":[0.364,0.364,0.833],"y":[1,1,1]},"o":{"x":[0.422,0.422,0.167],"y":[0,0,0]},"t":76,"s":[100,100,100]},{"t":120,"s":[0,0,100]}],"ix":6}},"ao":0,"shapes":[{"ty":"gr","it":[{"ind":0,"ty":"sh","ix":1,"ks":{"a":0,"k":{"i":[[0,0],[-3.098,-2.674]],"o":[[0,0],[0,0]],"v":[[-3.324,-2.606],[3.324,2.606]],"c":false},"ix":2},"nm":"Path 1","mn":"ADBE Vector Shape - Group","hd":false},{"ty":"st","c":{"a":0,"k":[0.144999994016,0.144999994016,0.144999994016,1],"ix":3},"o":{"a":0,"k":100,"ix":4},"w":{"a":0,"k":1,"ix":5},"lc":2,"lj":2,"bm":0,"nm":"Stroke 1","mn":"ADBE Vector Graphic - Stroke","hd":false},{"ty":"tr","p":{"a":0,"k":[166.624,125.531],"ix":2},"a":{"a":0,"k":[0,0],"ix":1},"s":{"a":0,"k":[100,100],"ix":3},"r":{"a":0,"k":0,"ix":6},"o":{"a":0,"k":100,"ix":7},"sk":{"a":0,"k":0,"ix":4},"sa":{"a":0,"k":0,"ix":5},"nm":"Transform"}],"nm":"Group 1","np":2,"cix":2,"bm":0,"ix":1,"mn":"ADBE Vector Group","hd":false},{"ty":"gr","it":[{"ind":0,"ty":"sh","ix":1,"ks":{"a":0,"k":{"i":[[0,0],[-3.691,-2.308]],"o":[[0,0],[0,0]],"v":[[-3.831,0.375],[3.831,1.154]],"c":false},"ix":2},"nm":"Path 1","mn":"ADBE Vector Shape - Group","hd":false},{"ty":"st","c":{"a":0,"k":[0.144999994016,0.144999994016,0.144999994016,1],"ix":3},"o":{"a":0,"k":100,"ix":4},"w":{"a":0,"k":1,"ix":5},"lc":2,"lj":2,"bm":0,"nm":"Stroke 1","mn":"ADBE Vector Graphic - Stroke","hd":false},{"ty":"tr","p":{"a":0,"k":[169.234,139.176],"ix":2},"a":{"a":0,"k":[0,0],"ix":1},"s":{"a":0,"k":[100,100],"ix":3},"r":{"a":0,"k":0,"ix":6},"o":{"a":0,"k":100,"ix":7},"sk":{"a":0,"k":0,"ix":4},"sa":{"a":0,"k":0,"ix":5},"nm":"Transform"}],"nm":"Group 2","np":2,"cix":2,"bm":0,"ix":2,"mn":"ADBE Vector Group","hd":false},{"ty":"gr","it":[{"ind":0,"ty":"sh","ix":1,"ks":{"a":0,"k":{"i":[[14.772,9.886],[-2.706,3.173],[9.26,-2.129],[0,0],[-2.175,-6.643],[-4.925,3.595]],"o":[[0,0],[2.707,-3.173],[-11.502,2.645],[0,0],[2.177,6.643],[4.925,-3.596]],"v":[[2.682,-8.12],[12.658,-5.237],[-5.951,-18.606],[0.492,4.986],[-3.064,13.532],[11.761,17.14]],"c":true},"ix":2},"nm":"Path 1","mn":"ADBE Vector Shape - Group","hd":false},{"ty":"fl","c":{"a":0,"k":[1,0.556862745098,0.929411764706,1],"ix":4},"o":{"a":0,"k":100,"ix":5},"r":1,"bm":0,"nm":"Fill 1","mn":"ADBE Vector Graphic - Fill","hd":false},{"ty":"tr","p":{"a":0,"k":[164.911,134.564],"ix":2},"a":{"a":0,"k":[0,0],"ix":1},"s":{"a":0,"k":[100,100],"ix":3},"r":{"a":0,"k":0,"ix":6},"o":{"a":0,"k":100,"ix":7},"sk":{"a":0,"k":0,"ix":4},"sa":{"a":0,"k":0,"ix":5},"nm":"Transform"}],"nm":"Group 3","np":2,"cix":2,"bm":0,"ix":3,"mn":"ADBE Vector Group","hd":false}],"ip":30,"op":120,"st":0,"bm":0},{"ddd":0,"ind":17,"ty":4,"nm":"mouth 2","parent":18,"sr":1,"ks":{"o":{"a":0,"k":100,"ix":11},"r":{"a":0,"k":-9,"ix":10},"p":{"a":0,"k":[270.296,127.804,0],"ix":2},"a":{"a":0,"k":[270.296,127.804,0],"ix":1},"s":{"a":0,"k":[100,100,100],"ix":6}},"ao":0,"shapes":[{"ty":"gr","it":[{"ind":0,"ty":"sh","ix":1,"ks":{"a":1,"k":[{"i":{"x":0,"y":1},"o":{"x":0.167,"y":0},"t":63,"s":[{"i":[[2.582,-0.413],[-4.79,0.798],[-0.872,0.417]],"o":[[2.209,2.479],[1.054,-0.176],[-4.439,-3.664]],"v":[[-6.712,-4.052],[3.656,-0.183],[6.534,-1.102]],"c":true}]},{"i":{"x":0,"y":1},"o":{"x":0.407,"y":0},"t":86,"s":[{"i":[[2.765,-0.661],[-4.826,0.544],[-0.893,0.37]],"o":[[2.074,2.593],[1.062,-0.12],[-4.186,-5.026]],"v":[[-6.856,-2.337],[3.291,2.079],[6.214,1.314]],"c":true}]},{"i":{"x":0.833,"y":1},"o":{"x":0.55,"y":0},"t":140,"s":[{"i":[[3.652,-2.838],[-4.856,0.069],[-1.043,0.904]],"o":[[0.965,2.607],[1.069,-0.015],[-1.595,-6.782]],"v":[[-8.207,0.617],[1.246,7.739],[5.645,6.323]],"c":true}]},{"i":{"x":0,"y":1},"o":{"x":0.167,"y":0},"t":200,"s":[{"i":[[2.582,-0.413],[-4.79,0.798],[-0.872,0.417]],"o":[[2.209,2.479],[1.054,-0.176],[-4.439,-3.664]],"v":[[-6.712,-4.052],[3.656,-0.183],[6.534,-1.102]],"c":true}]},{"i":{"x":0,"y":1},"o":{"x":0.55,"y":0},"t":235,"s":[{"i":[[3.652,-2.838],[-4.856,0.069],[-1.043,0.904]],"o":[[0.965,2.607],[1.069,-0.015],[-1.595,-6.782]],"v":[[-8.207,0.617],[1.246,7.739],[5.645,6.323]],"c":true}]},{"t":280,"s":[{"i":[[2.582,-0.413],[-4.79,0.798],[-0.872,0.417]],"o":[[2.209,2.479],[1.054,-0.176],[-4.439,-3.664]],"v":[[-6.712,-4.052],[3.656,-0.183],[6.534,-1.102]],"c":true}]}],"ix":2},"nm":"Path 1","mn":"ADBE Vector Shape - Group","hd":false},{"ty":"fl","c":{"a":0,"k":[0.957000014361,0.694000004787,0.902000038297,1],"ix":4},"o":{"a":0,"k":100,"ix":5},"r":1,"bm":0,"nm":"Fill 1","mn":"ADBE Vector Graphic - Fill","hd":false},{"ty":"tr","p":{"a":0,"k":[268.236,134.408],"ix":2},"a":{"a":0,"k":[0,0],"ix":1},"s":{"a":0,"k":[100,100],"ix":3},"r":{"a":0,"k":0,"ix":6},"o":{"a":0,"k":100,"ix":7},"sk":{"a":0,"k":0,"ix":4},"sa":{"a":0,"k":0,"ix":5},"nm":"Transform"}],"nm":"Group 1","np":2,"cix":2,"bm":0,"ix":1,"mn":"ADBE Vector Group","hd":false},{"ty":"gr","it":[{"ind":0,"ty":"sh","ix":1,"ks":{"a":1,"k":[{"i":{"x":0,"y":1},"o":{"x":0.167,"y":0},"t":63,"s":[{"i":[[0.034,0.1],[-0.16,0.004],[-0.004,0],[0.047,-0.154],[8.014,-0.606]],"o":[[-0.052,-0.151],[0,0],[0.155,0],[-0.114,0.374],[-11.301,0.855]],"v":[[-12.557,-4.366],[-12.098,-5.028],[12.083,-5.66],[12.562,-5.015],[1.532,3.37]],"c":true}]},{"i":{"x":0,"y":1},"o":{"x":0.407,"y":0},"t":86,"s":[{"i":[[0.034,0.1],[-0.16,0.004],[-0.004,0],[0.047,-0.154],[8.035,-0.178]],"o":[[-0.052,-0.151],[0,0],[0.155,0],[-0.114,0.374],[-11.331,0.252]],"v":[[-12.557,-4.366],[-12.098,-5.028],[12.083,-5.66],[12.562,-5.015],[1.114,5.628]],"c":true}]},{"i":{"x":0.833,"y":1},"o":{"x":0.55,"y":0},"t":140,"s":[{"i":[[0.034,0.1],[-0.83,0.082],[-0.004,0],[0.047,-0.154],[8.014,0.609]],"o":[[-0.052,-0.151],[0,0],[1.169,0.077],[-0.114,0.374],[-11.301,-0.859]],"v":[[-12.557,-4.366],[-12.251,-6.206],[11.93,-6.838],[12.562,-5.015],[-1.192,11.389]],"c":true}]},{"i":{"x":0,"y":1},"o":{"x":0.167,"y":0},"t":200,"s":[{"i":[[0.034,0.1],[-0.16,0.004],[-0.004,0],[0.047,-0.154],[8.014,-0.606]],"o":[[-0.052,-0.151],[0,0],[0.155,0],[-0.114,0.374],[-11.301,0.855]],"v":[[-12.557,-4.366],[-12.098,-5.028],[12.083,-5.66],[12.562,-5.015],[1.533,3.37]],"c":true}]},{"i":{"x":0,"y":1},"o":{"x":0.55,"y":0},"t":235,"s":[{"i":[[0.034,0.1],[-0.83,0.082],[-0.004,0],[0.047,-0.154],[8.014,0.609]],"o":[[-0.052,-0.151],[0,0],[1.169,0.077],[-0.114,0.374],[-11.301,-0.859]],"v":[[-12.557,-4.366],[-12.251,-6.206],[11.93,-6.838],[12.562,-5.015],[-1.192,11.389]],"c":true}]},{"t":280,"s":[{"i":[[0.034,0.1],[-0.16,0.004],[-0.004,0],[0.047,-0.154],[8.014,-0.606]],"o":[[-0.052,-0.151],[0,0],[0.155,0],[-0.114,0.374],[-11.301,0.855]],"v":[[-12.557,-4.366],[-12.098,-5.028],[12.083,-5.66],[12.562,-5.015],[1.533,3.37]],"c":true}]}],"ix":2},"nm":"Path 1","mn":"ADBE Vector Shape - Group","hd":false},{"ty":"fl","c":{"a":0,"k":[0,0,0,1],"ix":4},"o":{"a":0,"k":100,"ix":5},"r":1,"bm":0,"nm":"Fill 1","mn":"ADBE Vector Graphic - Fill","hd":false},{"ty":"tr","p":{"a":0,"k":[270.297,131.873],"ix":2},"a":{"a":0,"k":[0,0],"ix":1},"s":{"a":0,"k":[100,100],"ix":3},"r":{"a":0,"k":0,"ix":6},"o":{"a":0,"k":100,"ix":7},"sk":{"a":0,"k":0,"ix":4},"sa":{"a":0,"k":0,"ix":5},"nm":"Transform"}],"nm":"Group 3","np":2,"cix":2,"bm":0,"ix":2,"mn":"ADBE Vector Group","hd":false}],"ip":66,"op":270,"st":-40,"bm":0},{"ddd":0,"ind":18,"ty":4,"nm":"face ","parent":22,"sr":1,"ks":{"o":{"a":0,"k":100,"ix":11},"r":{"a":1,"k":[{"i":{"x":[0.419],"y":[1]},"o":{"x":[0.478],"y":[0]},"t":70,"s":[0]},{"i":{"x":[0.672],"y":[0.993]},"o":{"x":[0.286],"y":[0]},"t":110,"s":[-8]},{"i":{"x":[0.412],"y":[1]},"o":{"x":[0.601],"y":[-0.01]},"t":150,"s":[4.003]},{"i":{"x":[0.672],"y":[0.994]},"o":{"x":[0.286],"y":[0]},"t":192,"s":[-12]},{"i":{"x":[0.833],"y":[1]},"o":{"x":[0.601],"y":[-0.047]},"t":240,"s":[4.003]},{"t":290,"s":[0]}],"ix":10},"p":{"s":true,"x":{"a":1,"k":[{"i":{"x":[0.495],"y":[0.935]},"o":{"x":[0.587],"y":[-0.389]},"t":70,"s":[289.044]},{"i":{"x":[0.349],"y":[1]},"o":{"x":[0.448],"y":[0]},"t":110,"s":[264.044]},{"i":{"x":[0.495],"y":[0.962]},"o":{"x":[0.513],"y":[0]},"t":150,"s":[309.044]},{"i":{"x":[0.349],"y":[1]},"o":{"x":[0.448],"y":[0]},"t":192,"s":[264.044]},{"i":{"x":[0.171],"y":[1]},"o":{"x":[0.513],"y":[0]},"t":240,"s":[309.044]},{"t":290,"s":[289.044]}],"ix":3},"y":{"a":1,"k":[{"i":{"x":[0.403],"y":[1]},"o":{"x":[0.314],"y":[-5.3]},"t":70,"s":[286.554]},{"i":{"x":[0.46],"y":[1]},"o":{"x":[0.35],"y":[0]},"t":110,"s":[287.554]},{"i":{"x":[0.403],"y":[1]},"o":{"x":[0.402],"y":[0]},"t":150,"s":[275.554]},{"i":{"x":[0.46],"y":[1]},"o":{"x":[0.35],"y":[0]},"t":192,"s":[287.554]},{"i":{"x":[0.833],"y":[1]},"o":{"x":[0.402],"y":[0]},"t":240,"s":[275.554]},{"t":290,"s":[286.554]}],"ix":4}},"a":{"a":0,"k":[270.296,127.804,0],"ix":1},"s":{"a":0,"k":[100,100,100],"ix":6}},"ao":0,"shapes":[{"ty":"gr","it":[{"ind":0,"ty":"sh","ix":1,"ks":{"a":1,"k":[{"i":{"x":0.833,"y":1},"o":{"x":0.333,"y":0},"t":55,"s":[{"i":[[1.372,-0.033],[0.033,1.372],[-1.372,0.033],[-0.033,-1.372]],"o":[[-1.372,0.033],[-0.033,-1.372],[1.372,-0.033],[0.033,1.372]],"v":[[0.06,2.484],[-2.484,0.06],[-0.06,-2.484],[2.484,-0.06]],"c":true}]},{"i":{"x":0.667,"y":1},"o":{"x":0.167,"y":0},"t":60,"s":[{"i":[[1.372,-0.033],[-1.079,0.847],[-1.372,0.033],[-0.963,-0.864]],"o":[[-1.372,0.033],[0.944,-0.741],[1.372,-0.033],[1.021,0.917]],"v":[[-0.467,-0.261],[-4.796,0.125],[-0.424,-1.355],[4.484,-0.075]],"c":true}]},{"i":{"x":0.833,"y":1},"o":{"x":0.167,"y":0},"t":65,"s":[{"i":[[1.372,-0.033],[0.033,1.372],[-1.372,0.033],[-0.033,-1.372]],"o":[[-1.372,0.033],[-0.033,-1.372],[1.372,-0.033],[0.033,1.372]],"v":[[0.06,2.484],[-2.484,0.06],[-0.06,-2.484],[2.484,-0.06]],"c":true}]},{"i":{"x":0.833,"y":1},"o":{"x":0.333,"y":0},"t":100,"s":[{"i":[[1.372,-0.033],[0.033,1.372],[-1.372,0.033],[-0.033,-1.372]],"o":[[-1.372,0.033],[-0.033,-1.372],[1.372,-0.033],[0.033,1.372]],"v":[[0.06,2.484],[-2.484,0.06],[-0.06,-2.484],[2.484,-0.06]],"c":true}]},{"i":{"x":0.833,"y":1},"o":{"x":0.167,"y":0},"t":105,"s":[{"i":[[1.372,-0.033],[-1.079,0.847],[-1.372,0.033],[-0.963,-0.864]],"o":[[-1.372,0.033],[0.944,-0.741],[1.372,-0.033],[1.021,0.917]],"v":[[-0.467,-0.261],[-4.796,0.125],[-0.424,-1.355],[4.484,-0.075]],"c":true}]},{"i":{"x":0.667,"y":1},"o":{"x":0.167,"y":0},"t":270,"s":[{"i":[[1.372,-0.033],[-1.079,0.847],[-1.372,0.033],[-0.963,-0.864]],"o":[[-1.372,0.033],[0.944,-0.741],[1.372,-0.033],[1.021,0.917]],"v":[[-0.467,-0.261],[-4.796,0.125],[-0.424,-1.355],[4.484,-0.075]],"c":true}]},{"t":280,"s":[{"i":[[1.372,-0.033],[0.033,1.372],[-1.372,0.033],[-0.033,-1.372]],"o":[[-1.372,0.033],[-0.033,-1.372],[1.372,-0.033],[0.033,1.372]],"v":[[0.06,2.484],[-2.484,0.06],[-0.06,-2.484],[2.484,-0.06]],"c":true}]}],"ix":2},"nm":"Path 1","mn":"ADBE Vector Shape - Group","hd":false},{"ty":"fl","c":{"a":0,"k":[0.144999994016,0.144999994016,0.144999994016,1],"ix":4},"o":{"a":0,"k":100,"ix":5},"r":1,"bm":0,"nm":"Fill 1","mn":"ADBE Vector Graphic - Fill","hd":false},{"ty":"tr","p":{"a":0,"k":[278.237,114.996],"ix":2},"a":{"a":0,"k":[0,0],"ix":1},"s":{"a":0,"k":[100,100],"ix":3},"r":{"a":0,"k":-16,"ix":6},"o":{"a":0,"k":100,"ix":7},"sk":{"a":0,"k":0,"ix":4},"sa":{"a":0,"k":0,"ix":5},"nm":"Transform"}],"nm":"Group 4","np":2,"cix":2,"bm":0,"ix":1,"mn":"ADBE Vector Group","hd":false},{"ty":"gr","it":[{"ind":0,"ty":"sh","ix":1,"ks":{"a":1,"k":[{"i":{"x":0.833,"y":1},"o":{"x":0.333,"y":0},"t":55,"s":[{"i":[[1.372,-0.013],[0.013,1.372],[-1.372,0.014],[-0.013,-1.372]],"o":[[-1.372,0.013],[-0.013,-1.372],[1.372,-0.014],[0.013,1.372]],"v":[[0.023,2.484],[-2.484,0.023],[-0.022,-2.483],[2.485,-0.022]],"c":true}]},{"i":{"x":0.667,"y":1},"o":{"x":0.167,"y":0},"t":60,"s":[{"i":[[1.372,-0.013],[-0.829,1.093],[-1.372,0.014],[-0.823,-1.226]],"o":[[-1.372,0.013],[0.527,-0.731],[1.372,-0.014],[0.764,1.139]],"v":[[-0.133,-0.639],[-4.547,0.02],[-0.076,-1.545],[4.859,-0.064]],"c":true}]},{"i":{"x":0.833,"y":1},"o":{"x":0.167,"y":0},"t":65,"s":[{"i":[[1.372,-0.013],[0.013,1.372],[-1.372,0.014],[-0.013,-1.372]],"o":[[-1.372,0.013],[-0.013,-1.372],[1.372,-0.014],[0.013,1.372]],"v":[[0.023,2.484],[-2.484,0.023],[-0.022,-2.483],[2.485,-0.022]],"c":true}]},{"i":{"x":0.833,"y":1},"o":{"x":0.333,"y":0},"t":100,"s":[{"i":[[1.372,-0.013],[0.013,1.372],[-1.372,0.014],[-0.013,-1.372]],"o":[[-1.372,0.013],[-0.013,-1.372],[1.372,-0.014],[0.013,1.372]],"v":[[0.023,2.484],[-2.484,0.023],[-0.022,-2.483],[2.485,-0.022]],"c":true}]},{"i":{"x":0.833,"y":1},"o":{"x":0.167,"y":0},"t":105,"s":[{"i":[[1.372,-0.013],[-0.829,1.093],[-1.372,0.014],[-0.823,-1.226]],"o":[[-1.372,0.013],[0.527,-0.731],[1.372,-0.014],[0.764,1.139]],"v":[[-0.133,-0.639],[-4.547,0.02],[-0.076,-1.545],[4.859,-0.064]],"c":true}]},{"i":{"x":0.667,"y":1},"o":{"x":0.167,"y":0},"t":270,"s":[{"i":[[1.372,-0.013],[-0.829,1.093],[-1.372,0.014],[-0.823,-1.226]],"o":[[-1.372,0.013],[0.527,-0.731],[1.372,-0.014],[0.764,1.139]],"v":[[-0.133,-0.639],[-4.547,0.02],[-0.076,-1.545],[4.859,-0.064]],"c":true}]},{"t":280,"s":[{"i":[[1.372,-0.013],[0.013,1.372],[-1.372,0.014],[-0.013,-1.372]],"o":[[-1.372,0.013],[-0.013,-1.372],[1.372,-0.014],[0.013,1.372]],"v":[[0.023,2.484],[-2.484,0.023],[-0.022,-2.483],[2.485,-0.022]],"c":true}]}],"ix":2},"nm":"Path 1","mn":"ADBE Vector Shape - Group","hd":false},{"ty":"fl","c":{"a":0,"k":[0.144999994016,0.144999994016,0.144999994016,1],"ix":4},"o":{"a":0,"k":100,"ix":5},"r":1,"bm":0,"nm":"Fill 1","mn":"ADBE Vector Graphic - Fill","hd":false},{"ty":"tr","p":{"a":0,"k":[261.28,120.147],"ix":2},"a":{"a":0,"k":[0,0],"ix":1},"s":{"a":0,"k":[100,100],"ix":3},"r":{"a":0,"k":-15,"ix":6},"o":{"a":0,"k":100,"ix":7},"sk":{"a":0,"k":0,"ix":4},"sa":{"a":0,"k":0,"ix":5},"nm":"Transform"}],"nm":"Group 5","np":2,"cix":2,"bm":0,"ix":2,"mn":"ADBE Vector Group","hd":false},{"ty":"gr","it":[{"ind":0,"ty":"sh","ix":1,"ks":{"a":1,"k":[{"i":{"x":0,"y":1},"o":{"x":0.483,"y":0},"t":60,"s":[{"i":[[0,0],[-9.838,1.492],[0,0]],"o":[[0,0],[7.641,-1.158],[0,0]],"v":[[-11.948,-5.416],[1.523,4.195],[11.948,-5.688]],"c":false}]},{"i":{"x":0.833,"y":1},"o":{"x":0.167,"y":0},"t":80,"s":[{"i":[[0,0],[-9.949,-0.154],[0,0]],"o":[[0,0],[7.544,0.117],[0,0]],"v":[[-11.948,-5.416],[0.098,0.586],[11.948,-5.688]],"c":false}]},{"i":{"x":0.833,"y":1},"o":{"x":0.167,"y":0},"t":270,"s":[{"i":[[0,0],[-9.949,-0.154],[0,0]],"o":[[0,0],[7.544,0.117],[0,0]],"v":[[-11.948,-5.416],[0.085,2.743],[11.948,-5.688]],"c":false}]},{"t":290,"s":[{"i":[[0,0],[-9.838,1.492],[0,0]],"o":[[0,0],[7.641,-1.158],[0,0]],"v":[[-11.948,-5.416],[1.523,4.195],[11.948,-5.688]],"c":false}]}],"ix":2},"nm":"Path 1","mn":"ADBE Vector Shape - Group","hd":false},{"ty":"st","c":{"a":0,"k":[0,0,0,1],"ix":3},"o":{"a":0,"k":100,"ix":4},"w":{"a":0,"k":1,"ix":5},"lc":2,"lj":2,"bm":0,"nm":"Stroke 1","mn":"ADBE Vector Graphic - Stroke","hd":false},{"ty":"tr","p":{"a":0,"k":[272.032,130.164],"ix":2},"a":{"a":0,"k":[0,0],"ix":1},"s":{"a":0,"k":[100,100],"ix":3},"r":{"a":0,"k":-11,"ix":6},"o":{"a":1,"k":[{"t":60,"s":[100],"h":1},{"t":66,"s":[0],"h":1},{"t":270,"s":[100],"h":1}],"ix":7},"sk":{"a":0,"k":0,"ix":4},"sa":{"a":0,"k":0,"ix":5},"nm":"Transform"}],"nm":"Group 6","np":2,"cix":2,"bm":0,"ix":3,"mn":"ADBE Vector Group","hd":false}],"ip":0,"op":601,"st":0,"bm":0},{"ddd":0,"ind":19,"ty":4,"nm":"needle","parent":20,"sr":1,"ks":{"o":{"a":0,"k":100,"ix":11},"r":{"a":1,"k":[{"i":{"x":[0.17],"y":[1]},"o":{"x":[0.167],"y":[0]},"t":10,"s":[-50]},{"i":{"x":[0.833],"y":[1]},"o":{"x":[0.167],"y":[0]},"t":45,"s":[0]},{"i":{"x":[0.221],"y":[1]},"o":{"x":[0.378],"y":[0]},"t":260,"s":[0]},{"t":290,"s":[-50]}],"ix":10},"p":{"a":0,"k":[222.026,223.462,0],"ix":2},"a":{"a":0,"k":[222.026,223.462,0],"ix":1},"s":{"a":0,"k":[100,100,100],"ix":6}},"ao":0,"shapes":[{"ty":"gr","it":[{"ind":0,"ty":"sh","ix":1,"ks":{"a":0,"k":{"i":[[2.183,-0.027],[0,0],[0.028,2.182],[0,0],[-2.184,0.027],[0,0],[-0.027,-2.182],[0,0]],"o":[[0,0],[-2.184,0.028],[0,0],[-0.027,-2.182],[0,0],[2.183,-0.027],[0,0],[0.028,2.184]],"v":[[0.99,6.618],[-0.823,6.64],[-4.843,2.722],[-4.909,-2.6],[-0.989,-6.618],[0.824,-6.641],[4.843,-2.722],[4.909,2.598]],"c":true},"ix":2},"nm":"Path 1","mn":"ADBE Vector Shape - Group","hd":false},{"ty":"fl","c":{"a":0,"k":[0.976000019148,0.851000019148,0.352999997606,1],"ix":4},"o":{"a":0,"k":100,"ix":5},"r":1,"bm":0,"nm":"Fill 1","mn":"ADBE Vector Graphic - Fill","hd":false},{"ty":"tr","p":{"a":0,"k":[222.026,230.104],"ix":2},"a":{"a":0,"k":[0,0],"ix":1},"s":{"a":0,"k":[100,100],"ix":3},"r":{"a":0,"k":0,"ix":6},"o":{"a":0,"k":100,"ix":7},"sk":{"a":0,"k":0,"ix":4},"sa":{"a":0,"k":0,"ix":5},"nm":"Transform"}],"nm":"Group 1","np":2,"cix":2,"bm":0,"ix":1,"mn":"ADBE Vector Group","hd":false},{"ty":"gr","it":[{"ind":0,"ty":"sh","ix":1,"ks":{"a":0,"k":{"i":[[0,0],[0,0]],"o":[[0,0],[0,0]],"v":[[-0.052,-4.138],[0.052,4.138]],"c":false},"ix":2},"nm":"Path 1","mn":"ADBE Vector Shape - Group","hd":false},{"ty":"st","c":{"a":0,"k":[1,1,1,1],"ix":3},"o":{"a":0,"k":100,"ix":4},"w":{"a":0,"k":1,"ix":5},"lc":2,"lj":2,"bm":0,"nm":"Stroke 1","mn":"ADBE Vector Graphic - Stroke","hd":false},{"ty":"tr","p":{"a":0,"k":[222.129,238.295],"ix":2},"a":{"a":0,"k":[0,0],"ix":1},"s":{"a":0,"k":[100,100],"ix":3},"r":{"a":0,"k":0,"ix":6},"o":{"a":0,"k":100,"ix":7},"sk":{"a":0,"k":0,"ix":4},"sa":{"a":0,"k":0,"ix":5},"nm":"Transform"}],"nm":"Group 2","np":2,"cix":2,"bm":0,"ix":2,"mn":"ADBE Vector Group","hd":false}],"ip":0,"op":601,"st":0,"bm":0},{"ddd":0,"ind":20,"ty":4,"nm":"horn","parent":22,"sr":1,"ks":{"o":{"a":0,"k":100,"ix":11},"r":{"a":1,"k":[{"i":{"x":[0.198],"y":[1]},"o":{"x":[0.333],"y":[0]},"t":50,"s":[-6]},{"i":{"x":[0.688],"y":[1]},"o":{"x":[0.801],"y":[0]},"t":77,"s":[5]},{"i":{"x":[0.395],"y":[1]},"o":{"x":[0.705],"y":[0]},"t":115,"s":[-11]},{"i":{"x":[0.688],"y":[1]},"o":{"x":[0.49],"y":[0]},"t":154,"s":[3]},{"i":{"x":[0.22],"y":[1]},"o":{"x":[0.705],"y":[0]},"t":199,"s":[-7]},{"i":{"x":[0.833],"y":[1]},"o":{"x":[0.715],"y":[0]},"t":249,"s":[5]},{"i":{"x":[0.833],"y":[1]},"o":{"x":[0.167],"y":[0]},"t":283,"s":[0]},{"t":330,"s":[-6]}],"ix":10},"p":{"a":0,"k":[220.7,230.12,0],"ix":2},"a":{"a":0,"k":[220.7,230.12,0],"ix":1},"s":{"a":0,"k":[100,100,100],"ix":6}},"ao":0,"shapes":[{"ty":"gr","it":[{"ind":0,"ty":"sh","ix":1,"ks":{"a":0,"k":{"i":[[0,0],[0,0],[0,0],[0.408,-2.469],[0.185,-0.325],[-0.305,-1.562],[1.137,-2.962],[0,0],[0,0],[0,0]],"o":[[-3.354,-0.672],[-3.801,1.267],[0,0],[-0.055,0.331],[0.657,1.32],[0.662,3.401],[4.116,-0.004],[-0.002,-4.414],[-1.008,-1.232],[-1.828,-2.233]],"v":[[4.45,-2.114],[1.957,-7.016],[-3.575,-10.111],[-4.162,-6.411],[-4.538,-5.426],[-3.079,-1.109],[-3.929,8.432],[1.724,10.111],[4.538,4.908],[4.511,2.732]],"c":true},"ix":2},"nm":"Path 1","mn":"ADBE Vector Shape - Group","hd":false},{"ty":"fl","c":{"a":0,"k":[0,0,0,1],"ix":4},"o":{"a":0,"k":100,"ix":5},"r":1,"bm":0,"nm":"Fill 1","mn":"ADBE Vector Graphic - Fill","hd":false},{"ty":"tr","p":{"a":0,"k":[263.769,150.292],"ix":2},"a":{"a":0,"k":[0,0],"ix":1},"s":{"a":0,"k":[100,100],"ix":3},"r":{"a":0,"k":0,"ix":6},"o":{"a":0,"k":100,"ix":7},"sk":{"a":0,"k":0,"ix":4},"sa":{"a":0,"k":0,"ix":5},"nm":"Transform"}],"nm":"Group 1","np":2,"cix":2,"bm":0,"ix":1,"mn":"ADBE Vector Group","hd":false},{"ty":"gr","it":[{"ind":0,"ty":"sh","ix":1,"ks":{"a":0,"k":{"i":[[0,0],[71.693,-0.505]],"o":[[0,0],[0,0]],"v":[[37.267,-4.807],[-37.267,4.807]],"c":false},"ix":2},"nm":"Path 1","mn":"ADBE Vector Shape - Group","hd":false},{"ty":"st","c":{"a":0,"k":[0,0,0,1],"ix":3},"o":{"a":0,"k":100,"ix":4},"w":{"a":0,"k":1,"ix":5},"lc":2,"lj":2,"bm":0,"nm":"Stroke 1","mn":"ADBE Vector Graphic - Stroke","hd":false},{"ty":"tr","p":{"a":0,"k":[298.294,148.296],"ix":2},"a":{"a":0,"k":[0,0],"ix":1},"s":{"a":0,"k":[100,100],"ix":3},"r":{"a":0,"k":0,"ix":6},"o":{"a":0,"k":100,"ix":7},"sk":{"a":0,"k":0,"ix":4},"sa":{"a":0,"k":0,"ix":5},"nm":"Transform"}],"nm":"Group 2","np":2,"cix":2,"bm":0,"ix":2,"mn":"ADBE Vector Group","hd":false},{"ty":"gr","it":[{"ind":0,"ty":"sh","ix":1,"ks":{"a":0,"k":{"i":[[0,0],[68.86,-26.148]],"o":[[0,0],[0,0]],"v":[[21.435,-28.779],[-34.43,28.779]],"c":false},"ix":2},"nm":"Path 1","mn":"ADBE Vector Shape - Group","hd":false},{"ty":"st","c":{"a":0,"k":[0,0,0,1],"ix":3},"o":{"a":0,"k":100,"ix":4},"w":{"a":0,"k":1,"ix":5},"lc":2,"lj":2,"bm":0,"nm":"Stroke 1","mn":"ADBE Vector Graphic - Stroke","hd":false},{"ty":"tr","p":{"a":0,"k":[295.665,122.185],"ix":2},"a":{"a":0,"k":[0,0],"ix":1},"s":{"a":0,"k":[100,100],"ix":3},"r":{"a":0,"k":0,"ix":6},"o":{"a":0,"k":100,"ix":7},"sk":{"a":0,"k":0,"ix":4},"sa":{"a":0,"k":0,"ix":5},"nm":"Transform"}],"nm":"Group 3","np":2,"cix":2,"bm":0,"ix":3,"mn":"ADBE Vector Group","hd":false},{"ty":"gr","it":[{"ind":0,"ty":"sh","ix":1,"ks":{"a":0,"k":{"i":[[0,0],[43.345,-48.019]],"o":[[0,0],[0,0]],"v":[[-8.536,-39.516],[-21.672,39.516]],"c":false},"ix":2},"nm":"Path 1","mn":"ADBE Vector Shape - Group","hd":false},{"ty":"st","c":{"a":0,"k":[0,0,0,1],"ix":3},"o":{"a":0,"k":100,"ix":4},"w":{"a":0,"k":1,"ix":5},"lc":2,"lj":2,"bm":0,"nm":"Stroke 1","mn":"ADBE Vector Graphic - Stroke","hd":false},{"ty":"tr","p":{"a":0,"k":[282.362,109.668],"ix":2},"a":{"a":0,"k":[0,0],"ix":1},"s":{"a":0,"k":[100,100],"ix":3},"r":{"a":0,"k":0,"ix":6},"o":{"a":0,"k":100,"ix":7},"sk":{"a":0,"k":0,"ix":4},"sa":{"a":0,"k":0,"ix":5},"nm":"Transform"}],"nm":"Group 4","np":2,"cix":2,"bm":0,"ix":4,"mn":"ADBE Vector Group","hd":false},{"ty":"gr","it":[{"ind":0,"ty":"sh","ix":1,"ks":{"a":0,"k":{"i":[[0,0],[10.596,-55.179]],"o":[[0,0],[0,0]],"v":[[-22.903,-30.917],[12.307,30.917]],"c":false},"ix":2},"nm":"Path 1","mn":"ADBE Vector Shape - Group","hd":false},{"ty":"st","c":{"a":0,"k":[0,0,0,1],"ix":3},"o":{"a":0,"k":100,"ix":4},"w":{"a":0,"k":1,"ix":5},"lc":2,"lj":2,"bm":0,"nm":"Stroke 1","mn":"ADBE Vector Graphic - Stroke","hd":false},{"ty":"tr","p":{"a":0,"k":[247.063,114.246],"ix":2},"a":{"a":0,"k":[0,0],"ix":1},"s":{"a":0,"k":[100,100],"ix":3},"r":{"a":0,"k":0,"ix":6},"o":{"a":0,"k":100,"ix":7},"sk":{"a":0,"k":0,"ix":4},"sa":{"a":0,"k":0,"ix":5},"nm":"Transform"}],"nm":"Group 5","np":2,"cix":2,"bm":0,"ix":5,"mn":"ADBE Vector Group","hd":false},{"ty":"gr","it":[{"ind":0,"ty":"sh","ix":1,"ks":{"a":0,"k":{"i":[[0,0],[52.513,-4.209]],"o":[[0,0],[0,0]],"v":[[28.736,24.708],[-28.736,-20.499]],"c":false},"ix":2},"nm":"Path 1","mn":"ADBE Vector Shape - Group","hd":false},{"ty":"st","c":{"a":0,"k":[0,0,0,1],"ix":3},"o":{"a":0,"k":100,"ix":4},"w":{"a":0,"k":1,"ix":5},"lc":2,"lj":2,"bm":0,"nm":"Stroke 1","mn":"ADBE Vector Graphic - Stroke","hd":false},{"ty":"tr","p":{"a":0,"k":[289.491,175.94],"ix":2},"a":{"a":0,"k":[0,0],"ix":1},"s":{"a":0,"k":[100,100],"ix":3},"r":{"a":0,"k":0,"ix":6},"o":{"a":0,"k":100,"ix":7},"sk":{"a":0,"k":0,"ix":4},"sa":{"a":0,"k":0,"ix":5},"nm":"Transform"}],"nm":"Group 6","np":2,"cix":2,"bm":0,"ix":6,"mn":"ADBE Vector Group","hd":false},{"ty":"gr","it":[{"ind":0,"ty":"sh","ix":1,"ks":{"a":0,"k":{"i":[[0,0],[15.139,-69.153]],"o":[[0,0],[0,0]],"v":[[-10.984,-29.155],[-4.155,34.576]],"c":false},"ix":2},"nm":"Path 1","mn":"ADBE Vector Shape - Group","hd":false},{"ty":"st","c":{"a":0,"k":[0,0,0,1],"ix":3},"o":{"a":0,"k":100,"ix":4},"w":{"a":0,"k":1,"ix":5},"lc":2,"lj":2,"bm":0,"nm":"Stroke 1","mn":"ADBE Vector Graphic - Stroke","hd":false},{"ty":"tr","p":{"a":0,"k":[270.779,187.999],"ix":2},"a":{"a":0,"k":[0,0],"ix":1},"s":{"a":0,"k":[100,100],"ix":3},"r":{"a":0,"k":0,"ix":6},"o":{"a":0,"k":100,"ix":7},"sk":{"a":0,"k":0,"ix":4},"sa":{"a":0,"k":0,"ix":5},"nm":"Transform"}],"nm":"Group 7","np":2,"cix":2,"bm":0,"ix":7,"mn":"ADBE Vector Group","hd":false},{"ty":"gr","it":[{"ind":0,"ty":"sh","ix":1,"ks":{"a":0,"k":{"i":[[0,0],[-5.022,-25.779],[0,0]],"o":[[0,0],[5.031,25.834],[0,0]],"v":[[-33.229,-23.926],[28.198,-6.646],[-21.145,32.425]],"c":false},"ix":2},"nm":"Path 1","mn":"ADBE Vector Shape - Group","hd":false},{"ty":"st","c":{"a":0,"k":[0,0,0,1],"ix":3},"o":{"a":0,"k":100,"ix":4},"w":{"a":0,"k":1,"ix":5},"lc":2,"lj":2,"bm":0,"nm":"Stroke 1","mn":"ADBE Vector Graphic - Stroke","hd":false},{"ty":"tr","p":{"a":0,"k":[232.492,155.829],"ix":2},"a":{"a":0,"k":[0,0],"ix":1},"s":{"a":0,"k":[100,100],"ix":3},"r":{"a":0,"k":0,"ix":6},"o":{"a":0,"k":100,"ix":7},"sk":{"a":0,"k":0,"ix":4},"sa":{"a":0,"k":0,"ix":5},"nm":"Transform"}],"nm":"Group 8","np":2,"cix":2,"bm":0,"ix":8,"mn":"ADBE Vector Group","hd":false},{"ty":"gr","it":[{"ind":0,"ty":"sh","ix":1,"ks":{"a":0,"k":{"i":[[0,0],[0.385,2.989],[-12.867,32.798]],"o":[[-0.707,-2.526],[0,0],[0,0]],"v":[[15.863,27.17],[14.214,18.907],[-2.997,-27.17]],"c":false},"ix":2},"nm":"Path 1","mn":"ADBE Vector Shape - Group","hd":false},{"ty":"st","c":{"a":0,"k":[0,0,0,1],"ix":3},"o":{"a":0,"k":100,"ix":4},"w":{"a":0,"k":1,"ix":5},"lc":2,"lj":2,"bm":0,"nm":"Stroke 1","mn":"ADBE Vector Graphic - Stroke","hd":false},{"ty":"tr","p":{"a":0,"k":[197.133,169.346],"ix":2},"a":{"a":0,"k":[0,0],"ix":1},"s":{"a":0,"k":[100,100],"ix":3},"r":{"a":0,"k":0,"ix":6},"o":{"a":0,"k":100,"ix":7},"sk":{"a":0,"k":0,"ix":4},"sa":{"a":0,"k":0,"ix":5},"nm":"Transform"}],"nm":"Group 9","np":2,"cix":2,"bm":0,"ix":9,"mn":"ADBE Vector Group","hd":false},{"ty":"gr","it":[{"ind":0,"ty":"sh","ix":1,"ks":{"a":0,"k":{"i":[[6.084,47.24],[-24.215,40.326],[-40.708,7.965],[-33.21,-19.988],[-10.636,-34.682],[13.608,-41.321],[36.612,-21.646],[41.869,15.469]],"o":[[0,0],[0,0],[0,0],[0,0],[0,0],[0.412,1.592],[0,0],[0,0]],"v":[[-53.596,44.148],[-65.68,-12.202],[-40.783,-60.775],[8.883,-73.952],[52.156,-50.699],[70.617,-0.615],[53.284,56.544],[1.681,78.472]],"c":true},"ix":2},"nm":"Path 1","mn":"ADBE Vector Shape - Group","hd":false},{"ty":"fl","c":{"a":0,"k":[1,0.749019607843,0,1],"ix":4},"o":{"a":0,"k":100,"ix":5},"r":1,"bm":0,"nm":"Fill 1","mn":"ADBE Vector Graphic - Fill","hd":false},{"ty":"tr","p":{"a":0,"k":[264.943,144.105],"ix":2},"a":{"a":0,"k":[0,0],"ix":1},"s":{"a":0,"k":[100,100],"ix":3},"r":{"a":0,"k":0,"ix":6},"o":{"a":0,"k":100,"ix":7},"sk":{"a":0,"k":0,"ix":4},"sa":{"a":0,"k":0,"ix":5},"nm":"Transform"}],"nm":"Group 10","np":2,"cix":2,"bm":0,"ix":10,"mn":"ADBE Vector Group","hd":false},{"ty":"gr","it":[{"ind":0,"ty":"sh","ix":1,"ks":{"a":0,"k":{"i":[[6.25,-2.236],[-61.433,29.216],[29.139,-23.122],[13.961,-13.122],[-1.172,0.314]],"o":[[-63.981,-1.946],[61.433,-29.216],[-29.138,23.122],[-13.962,13.123],[0,0]],"v":[[-4.976,64.988],[-11.338,-35.772],[43.632,14.352],[-23.964,36.974],[-3.887,58.005]],"c":true},"ix":2},"nm":"Path 1","mn":"ADBE Vector Shape - Group","hd":false},{"ty":"fl","c":{"a":0,"k":[1,0.749019607843,0,1],"ix":4},"o":{"a":0,"k":100,"ix":5},"r":1,"bm":0,"nm":"Fill 1","mn":"ADBE Vector Graphic - Fill","hd":false},{"ty":"tr","p":{"a":0,"k":[225.676,165.132],"ix":2},"a":{"a":0,"k":[0,0],"ix":1},"s":{"a":0,"k":[100,100],"ix":3},"r":{"a":0,"k":0,"ix":6},"o":{"a":0,"k":100,"ix":7},"sk":{"a":0,"k":0,"ix":4},"sa":{"a":0,"k":0,"ix":5},"nm":"Transform"}],"nm":"Group 11","np":2,"cix":2,"bm":0,"ix":11,"mn":"ADBE Vector Group","hd":false}],"ip":0,"op":601,"st":0,"bm":0},{"ddd":0,"ind":21,"ty":4,"nm":"disk","parent":22,"sr":1,"ks":{"o":{"a":0,"k":100,"ix":11},"r":{"a":1,"k":[{"i":{"x":[0.41],"y":[1]},"o":{"x":[0.498],"y":[0]},"t":70,"s":[0]},{"i":{"x":[0.428],"y":[1]},"o":{"x":[0.586],"y":[0]},"t":110,"s":[-2]},{"i":{"x":[0.41],"y":[1]},"o":{"x":[0.167],"y":[0]},"t":150,"s":[2]},{"i":{"x":[0.428],"y":[1]},"o":{"x":[0.586],"y":[0]},"t":192,"s":[-2]},{"t":249,"s":[0]}],"ix":10},"p":{"a":0,"k":[247.745,243.637,0],"ix":2},"a":{"a":0,"k":[247.745,243.637,0],"ix":1},"s":{"a":1,"k":[{"i":{"x":[0.833,0.833,0.833],"y":[1,1,1]},"o":{"x":[0.523,0.524,0.333],"y":[0,0,0]},"t":70,"s":[100,100,100]},{"i":{"x":[0.667,0.667,0.667],"y":[1,1,1]},"o":{"x":[0.167,0.167,0.167],"y":[0,0,0]},"t":110,"s":[92,94,100]},{"i":{"x":[0.833,0.833,0.833],"y":[1,1,1]},"o":{"x":[0.523,0.524,0.333],"y":[0,0,0]},"t":150,"s":[100,100,100]},{"i":{"x":[0.667,0.667,0.667],"y":[1,1,1]},"o":{"x":[0.167,0.167,0.167],"y":[0,0,0]},"t":192,"s":[92,94,100]},{"t":249,"s":[100,100,100]}],"ix":6}},"ao":0,"shapes":[{"ty":"gr","it":[{"ind":0,"ty":"sh","ix":1,"ks":{"a":0,"k":{"i":[[-1.018,-2.815],[12.281,0.504],[-1.409,3.073],[-9.845,-0.402]],"o":[[1.15,3.179],[-12.277,-0.503],[1.248,-2.722],[9.846,0.403]],"v":[[19.918,-0.055],[-0.124,5.553],[-19.658,-1.675],[0.326,-5.656]],"c":true},"ix":2},"nm":"Path 1","mn":"ADBE Vector Shape - Group","hd":false},{"ty":"fl","c":{"a":0,"k":[1,0.556862745098,0.929411764706,1],"ix":4},"o":{"a":0,"k":100,"ix":5},"r":1,"bm":0,"nm":"Fill 1","mn":"ADBE Vector Graphic - Fill","hd":false},{"ty":"tr","p":{"a":0,"k":[247.605,242.168],"ix":2},"a":{"a":0,"k":[0,0],"ix":1},"s":{"a":0,"k":[100,100],"ix":3},"r":{"a":0,"k":0,"ix":6},"o":{"a":0,"k":100,"ix":7},"sk":{"a":0,"k":0,"ix":4},"sa":{"a":0,"k":0,"ix":5},"nm":"Transform"}],"nm":"Group 1","np":2,"cix":2,"bm":0,"ix":1,"mn":"ADBE Vector Group","hd":false},{"ty":"gr","it":[{"ind":0,"ty":"sh","ix":1,"ks":{"a":0,"k":{"i":[[-2.373,-6.125],[26.948,1.105],[-3.093,6.743],[-21.602,-0.883]],"o":[[2.557,6.596],[-26.941,-1.104],[2.739,-5.971],[21.608,0.884]],"v":[[42.358,-0.549],[0.639,11.324],[-41.822,-5.577],[1.869,-11.546]],"c":true},"ix":2},"nm":"Path 1","mn":"ADBE Vector Shape - Group","hd":false},{"ty":"tm","s":{"a":1,"k":[{"i":{"x":[0.259],"y":[1]},"o":{"x":[0.35],"y":[0]},"t":45,"s":[0]},{"i":{"x":[0.833],"y":[1]},"o":{"x":[0.167],"y":[0]},"t":87,"s":[30]},{"i":{"x":[0.258],"y":[1]},"o":{"x":[0.394],"y":[0]},"t":249,"s":[30]},{"t":287,"s":[100]}],"ix":1},"e":{"a":1,"k":[{"i":{"x":[0.221],"y":[1]},"o":{"x":[0.286],"y":[0]},"t":36,"s":[0]},{"t":77,"s":[100]}],"ix":2},"o":{"a":1,"k":[{"i":{"x":[0.833],"y":[1]},"o":{"x":[0.333],"y":[0]},"t":36,"s":[0]},{"t":287,"s":[431]}],"ix":3},"m":1,"ix":2,"nm":"Trim Paths 1","mn":"ADBE Vector Filter - Trim","hd":false},{"ty":"st","c":{"a":0,"k":[1,1,1,1],"ix":3},"o":{"a":0,"k":100,"ix":4},"w":{"a":0,"k":1,"ix":5},"lc":2,"lj":2,"bm":0,"nm":"Stroke 1","mn":"ADBE Vector Graphic - Stroke","hd":false},{"ty":"tr","p":{"a":0,"k":[246.353,242.889],"ix":2},"a":{"a":0,"k":[0,0],"ix":1},"s":{"a":0,"k":[100,100],"ix":3},"r":{"a":0,"k":0,"ix":6},"o":{"a":0,"k":100,"ix":7},"sk":{"a":0,"k":0,"ix":4},"sa":{"a":0,"k":0,"ix":5},"nm":"Transform"}],"nm":"Group 2","np":3,"cix":2,"bm":0,"ix":2,"mn":"ADBE Vector Group","hd":false},{"ty":"gr","it":[{"ind":0,"ty":"sh","ix":1,"ks":{"a":0,"k":{"i":[[-2.925,-8.087],[35.279,1.447],[-4.049,8.828],[-28.28,-1.156]],"o":[[3.304,9.133],[-35.269,-1.446],[3.585,-7.818],[28.287,1.156]],"v":[[57.217,-0.159],[-0.357,15.954],[-56.472,-4.812],[0.933,-16.245]],"c":true},"ix":2},"nm":"Path 1","mn":"ADBE Vector Shape - Group","hd":false},{"ty":"fl","c":{"a":0,"k":[0,0,0,1],"ix":4},"o":{"a":0,"k":100,"ix":5},"r":1,"bm":0,"nm":"Fill 1","mn":"ADBE Vector Graphic - Fill","hd":false},{"ty":"tr","p":{"a":0,"k":[247.444,243.787],"ix":2},"a":{"a":0,"k":[0,0],"ix":1},"s":{"a":0,"k":[100,100],"ix":3},"r":{"a":0,"k":0,"ix":6},"o":{"a":0,"k":100,"ix":7},"sk":{"a":0,"k":0,"ix":4},"sa":{"a":0,"k":0,"ix":5},"nm":"Transform"}],"nm":"Group 3","np":2,"cix":2,"bm":0,"ix":3,"mn":"ADBE Vector Group","hd":false}],"ip":0,"op":601,"st":0,"bm":0},{"ddd":0,"ind":22,"ty":4,"nm":"box","sr":1,"ks":{"o":{"a":0,"k":100,"ix":11},"r":{"a":0,"k":0,"ix":10},"p":{"a":0,"k":[246.249,308.529,0],"ix":2},"a":{"a":0,"k":[246.249,310.393,0],"ix":1},"s":{"a":1,"k":[{"i":{"x":[0.209,0.302,0.833],"y":[1,1,1]},"o":{"x":[0.167,0.167,0.167],"y":[0,0,0]},"t":32,"s":[100,100,100]},{"i":{"x":[0.701,0.72,0.833],"y":[1,1,1]},"o":{"x":[0.676,0.663,0.167],"y":[0,0,0]},"t":70,"s":[108,88,100]},{"i":{"x":[0.482,0.444,0.833],"y":[1,1,1]},"o":{"x":[0.721,0.725,0.167],"y":[0,0,0]},"t":110,"s":[93,107,100]},{"i":{"x":[0.405,0.406,0.833],"y":[1,1,1]},"o":{"x":[0.73,0.773,0.167],"y":[0,0,0]},"t":135,"s":[108,88,100]},{"i":{"x":[0.44,0.405,0.833],"y":[1,1,1]},"o":{"x":[0.799,0.842,0.167],"y":[0,0,0]},"t":160,"s":[89,110,100]},{"i":{"x":[0.352,0.353,0.833],"y":[1,1,1]},"o":{"x":[0.73,0.755,0.167],"y":[0,0,0]},"t":185,"s":[108,88,100]},{"i":{"x":[0.44,0.405,0.833],"y":[1,1,1]},"o":{"x":[0.777,0.794,0.167],"y":[0,0,0]},"t":210,"s":[89,110,100]},{"i":{"x":[0.246,0.247,0.833],"y":[1,1,1]},"o":{"x":[0.246,0.256,0.167],"y":[0,0,0]},"t":244,"s":[108,88,100]},{"t":290,"s":[100,100,100]}],"ix":6}},"ao":0,"shapes":[{"ty":"gr","it":[{"ind":0,"ty":"sh","ix":1,"ks":{"a":1,"k":[{"i":{"x":0.189,"y":1},"o":{"x":0.845,"y":0},"t":70,"s":[{"i":[[0,0],[0,0]],"o":[[0,0],[0,0]],"v":[[0.301,32.821],[-0.301,-32.821]],"c":false}]},{"i":{"x":0.186,"y":1},"o":{"x":0.828,"y":0},"t":110,"s":[{"i":[[0,0],[7.324,27.998]],"o":[[0,0],[0.334,-6.114]],"v":[[-21.204,35.625],[-21.806,-30.017]],"c":false}]},{"i":{"x":0.137,"y":1},"o":{"x":0.658,"y":0},"t":150,"s":[{"i":[[0,0],[6.869,34.043]],"o":[[0,0],[-0.007,-5.755]],"v":[[8.133,31.834],[7.531,-33.808]],"c":false}]},{"i":{"x":0.833,"y":0.833},"o":{"x":0.545,"y":0},"t":192,"s":[{"i":[[0,0],[-10.248,28.906]],"o":[[0,0],[1.937,-5.465]],"v":[[-21.204,35.625],[-21.806,-30.017]],"c":false}]},{"i":{"x":0.007,"y":1},"o":{"x":0.167,"y":0.167},"t":210,"s":[{"i":[[0,0],[10.76,29.79]],"o":[[0,0],[-1.882,-5.212]],"v":[[-12.665,34.511],[-13.267,-31.131]],"c":false}]},{"i":{"x":0.833,"y":1},"o":{"x":0.167,"y":0},"t":250,"s":[{"i":[[0,0],[-9.667,25.81]],"o":[[0,0],[1.807,-4.824]],"v":[[0.301,32.821],[-0.301,-32.821]],"c":false}]},{"t":290,"s":[{"i":[[0,0],[0,0]],"o":[[0,0],[0,0]],"v":[[0.301,32.821],[-0.301,-32.821]],"c":false}]}],"ix":2},"nm":"Path 1","mn":"ADBE Vector Shape - Group","hd":false},{"ty":"st","c":{"a":0,"k":[0,0,0,1],"ix":3},"o":{"a":0,"k":100,"ix":4},"w":{"a":0,"k":1,"ix":5},"lc":2,"lj":2,"bm":0,"nm":"Stroke 1","mn":"ADBE Vector Graphic - Stroke","hd":false},{"ty":"tr","p":{"a":0,"k":[245.948,304.208],"ix":2},"a":{"a":0,"k":[0,0],"ix":1},"s":{"a":0,"k":[100,100],"ix":3},"r":{"a":0,"k":0,"ix":6},"o":{"a":0,"k":100,"ix":7},"sk":{"a":0,"k":0,"ix":4},"sa":{"a":0,"k":0,"ix":5},"nm":"Transform"}],"nm":"Group 1","np":2,"cix":2,"bm":0,"ix":1,"mn":"ADBE Vector Group","hd":false},{"ty":"gr","it":[{"ind":0,"ty":"sh","ix":1,"ks":{"a":1,"k":[{"i":{"x":0.189,"y":1},"o":{"x":0.845,"y":0},"t":70,"s":[{"i":[[0,0],[0,0],[0,0]],"o":[[0,0],[0,0],[0,0]],"v":[[-89.862,-16.697],[-1.609,16.697],[89.862,-9.989]],"c":false}]},{"i":{"x":0.186,"y":1},"o":{"x":0.828,"y":0},"t":110,"s":[{"i":[[0,0],[0,0],[0,0]],"o":[[0,0],[0,0],[0,0]],"v":[[-89.862,-16.697],[-23.114,19.501],[77.496,-6.251]],"c":false}]},{"i":{"x":0.137,"y":1},"o":{"x":0.658,"y":0},"t":150,"s":[{"i":[[0,0],[0,0],[0,0]],"o":[[0,0],[0,0],[0,0]],"v":[[-86.207,-16.697],[6.223,15.711],[92.473,-10.483]],"c":false}]},{"i":{"x":0.007,"y":1},"o":{"x":0.545,"y":0},"t":192,"s":[{"i":[[0,0],[0,0],[0,0]],"o":[[0,0],[0,0],[0,0]],"v":[[-89.862,-16.697],[-23.114,19.501],[77.496,-6.251]],"c":false}]},{"i":{"x":0.833,"y":1},"o":{"x":0.167,"y":0},"t":250,"s":[{"i":[[0,0],[0,0],[0,0]],"o":[[0,0],[0,0],[0,0]],"v":[[-89.862,-16.697],[-1.609,16.697],[89.862,-9.989]],"c":false}]},{"t":290,"s":[{"i":[[0,0],[0,0],[0,0]],"o":[[0,0],[0,0],[0,0]],"v":[[-89.862,-16.697],[-1.609,16.697],[89.862,-9.989]],"c":false}]}],"ix":2},"nm":"Path 1","mn":"ADBE Vector Shape - Group","hd":false},{"ty":"st","c":{"a":0,"k":[0,0,0,1],"ix":3},"o":{"a":0,"k":100,"ix":4},"w":{"a":0,"k":1,"ix":5},"lc":2,"lj":2,"bm":0,"nm":"Stroke 1","mn":"ADBE Vector Graphic - Stroke","hd":false},{"ty":"tr","p":{"a":0,"k":[247.256,254.69],"ix":2},"a":{"a":0,"k":[0,0],"ix":1},"s":{"a":0,"k":[100,100],"ix":3},"r":{"a":0,"k":0,"ix":6},"o":{"a":0,"k":100,"ix":7},"sk":{"a":0,"k":0,"ix":4},"sa":{"a":0,"k":0,"ix":5},"nm":"Transform"}],"nm":"Group 2","np":2,"cix":2,"bm":0,"ix":2,"mn":"ADBE Vector Group","hd":false},{"ty":"gr","it":[{"ind":0,"ty":"sh","ix":1,"ks":{"a":1,"k":[{"i":{"x":0.189,"y":1},"o":{"x":0.845,"y":0},"t":70,"s":[{"i":[[0,0],[0,0],[0,0],[0,0],[0,0],[0,0]],"o":[[0,0],[0,0],[0,0],[0,0],[0,0],[0,0]],"v":[[-89.862,-40.727],[-83.689,18.292],[-1.007,58.31],[83.121,21.663],[89.862,-34.018],[6.611,-58.309]],"c":true}]},{"i":{"x":0.833,"y":0.833},"o":{"x":0.828,"y":0},"t":110,"s":[{"i":[[0,0],[3.517,-27.065],[0,0],[-2.567,2.165],[0,0],[0,0]],"o":[[0,0],[4.592,3.426],[0,0],[-4.826,-32.889],[0,0],[0,0]],"v":[[-89.862,-40.727],[-83.689,18.292],[-22.512,61.113],[70.755,25.401],[77.496,-30.28],[6.611,-58.309]],"c":true}]},{"i":{"x":0.186,"y":1},"o":{"x":0.167,"y":0.167},"t":135,"s":[{"i":[[0,0],[-15.349,-25.571],[0,0],[-0.373,0.314],[0,0],[0,0]],"o":[[0,0],[0.666,0.497],[0,0],[13.353,-21.392],[0,0],[0,0]],"v":[[-86.738,-40.727],[-80.565,18.292],[2.567,57.873],[83.558,21.783],[90.299,-33.898],[6.611,-58.309]],"c":true}]},{"i":{"x":0.137,"y":1},"o":{"x":0.658,"y":0},"t":150,"s":[{"i":[[0,0],[6.19,-22.917],[0,0],[-2.548,2.107],[0,0],[0,0]],"o":[[0,0],[2.013,2.251],[0,0],[-5.545,-26.535],[0,0],[0,0]],"v":[[-86.207,-40.727],[-80.034,18.292],[6.825,57.323],[85.732,21.169],[92.473,-34.512],[6.611,-58.309]],"c":true}]},{"i":{"x":0.833,"y":0.833},"o":{"x":0.545,"y":0},"t":192,"s":[{"i":[[0,0],[-13.447,-19.481],[0,0],[-1.274,1.583],[0,0],[0,0]],"o":[[0,0],[1.089,0.916],[0,0],[11.356,-16.671],[0,0],[0,0]],"v":[[-89.862,-40.727],[-83.689,18.292],[-22.512,61.113],[70.755,25.401],[77.496,-30.28],[6.611,-58.309]],"c":true}]},{"i":{"x":0.007,"y":1},"o":{"x":0.167,"y":0.167},"t":210,"s":[{"i":[[0,0],[8.526,-11.417],[0,0],[-0.768,0.954],[0,0],[0,0]],"o":[[0,0],[0.657,0.553],[0,0],[-8.694,-16.36],[0,0],[0,0]],"v":[[-89.862,-40.727],[-83.689,18.292],[-13.973,60],[75.666,23.916],[82.407,-31.765],[6.611,-58.309]],"c":true}]},{"i":{"x":0.833,"y":1},"o":{"x":0.167,"y":0},"t":250,"s":[{"i":[[0,0],[-10.215,-17.039],[0,0],[-2.118,1.644],[0,0],[0,0]],"o":[[0,0],[1.339,2.147],[0,0],[8.421,-13.408],[0,0],[0,0]],"v":[[-89.862,-40.727],[-83.689,18.292],[-1.007,58.31],[83.121,21.663],[89.862,-34.018],[6.611,-58.309]],"c":true}]},{"t":290,"s":[{"i":[[0,0],[0,0],[0,0],[0,0],[0,0],[0,0]],"o":[[0,0],[0,0],[0,0],[0,0],[0,0],[0,0]],"v":[[-89.862,-40.727],[-83.689,18.292],[-1.007,58.31],[83.121,21.663],[89.862,-34.018],[6.611,-58.309]],"c":true}]}],"ix":2},"nm":"Path 1","mn":"ADBE Vector Shape - Group","hd":false},{"ty":"fl","c":{"a":0,"k":[0,0.756862745098,0.635294117647,1],"ix":4},"o":{"a":0,"k":100,"ix":5},"r":1,"bm":0,"nm":"Fill 1","mn":"ADBE Vector Graphic - Fill","hd":false},{"ty":"tr","p":{"a":0,"k":[247.256,278.719],"ix":2},"a":{"a":0,"k":[0,0],"ix":1},"s":{"a":0,"k":[100,100],"ix":3},"r":{"a":0,"k":0,"ix":6},"o":{"a":0,"k":100,"ix":7},"sk":{"a":0,"k":0,"ix":4},"sa":{"a":0,"k":0,"ix":5},"nm":"Transform"}],"nm":"Group 3","np":2,"cix":2,"bm":0,"ix":3,"mn":"ADBE Vector Group","hd":false},{"ty":"gr","it":[{"ind":0,"ty":"sh","ix":1,"ks":{"a":1,"k":[{"i":{"x":0.833,"y":1},"o":{"x":0.167,"y":0},"t":32,"s":[{"i":[[0,0],[-7.902,-57.323]],"o":[[0,0],[0,0]],"v":[[-23.906,-27.663],[16.406,32.663]],"c":false}]},{"i":{"x":0.599,"y":1},"o":{"x":1,"y":0},"t":70,"s":[{"i":[[0,0],[-7.902,-57.323]],"o":[[0,0],[0,0]],"v":[[-14.092,-33.231],[16.406,32.663]],"c":false}]},{"i":{"x":0.833,"y":0.998},"o":{"x":0.828,"y":0},"t":110,"s":[{"i":[[0,0],[-15.631,-50.055]],"o":[[0,0],[0,0]],"v":[[-22.858,-29.158],[16.406,32.663]],"c":false}]},{"i":{"x":0.186,"y":1},"o":{"x":0.167,"y":0.002},"t":135,"s":[{"i":[[0,0],[-11.755,-56.003]],"o":[[0,0],[0,0]],"v":[[-19.889,-30.45],[16.406,32.663]],"c":false}]},{"i":{"x":0.137,"y":1},"o":{"x":0.658,"y":0},"t":150,"s":[{"i":[[0,0],[-7.902,-57.323]],"o":[[0,0],[0,0]],"v":[[-16.406,-32.663],[16.406,32.663]],"c":false}]},{"i":{"x":0.833,"y":0.833},"o":{"x":0.545,"y":0},"t":192,"s":[{"i":[[0,0],[-7.902,-57.323]],"o":[[0,0],[0,0]],"v":[[-21.799,-26.516],[16.406,32.663]],"c":false}]},{"i":{"x":0.007,"y":1},"o":{"x":0.167,"y":0.167},"t":210,"s":[{"i":[[0,0],[-10.305,-54.529]],"o":[[0,0],[0,0]],"v":[[-23.147,-27.89],[16.406,32.663]],"c":false}]},{"i":{"x":0.007,"y":1},"o":{"x":0.167,"y":0},"t":250,"s":[{"i":[[0,0],[-2.677,-59.624]],"o":[[0,0],[0,0]],"v":[[-16.406,-32.663],[16.406,32.663]],"c":false}]},{"i":{"x":0.833,"y":1},"o":{"x":0.167,"y":0},"t":290,"s":[{"i":[[0,0],[-8.977,-55.931]],"o":[[0,0],[0,0]],"v":[[-16.406,-32.663],[16.406,32.663]],"c":false}]},{"t":331,"s":[{"i":[[0,0],[-7.902,-57.323]],"o":[[0,0],[0,0]],"v":[[-23.906,-27.663],[16.406,32.663]],"c":false}]}],"ix":2},"nm":"Path 1","mn":"ADBE Vector Shape - Group","hd":false},{"ty":"st","c":{"a":0,"k":[0.936999990426,0.375999989229,0.246999987434,1],"ix":3},"o":{"a":0,"k":100,"ix":4},"w":{"a":0,"k":5,"ix":5},"lc":2,"lj":2,"bm":0,"nm":"Stroke 1","mn":"ADBE Vector Graphic - Stroke","hd":false},{"ty":"tr","p":{"a":0,"k":[182.571,233.132],"ix":2},"a":{"a":0,"k":[0,0],"ix":1},"s":{"a":0,"k":[100,100],"ix":3},"r":{"a":0,"k":0,"ix":6},"o":{"a":0,"k":100,"ix":7},"sk":{"a":0,"k":0,"ix":4},"sa":{"a":0,"k":0,"ix":5},"nm":"Transform"}],"nm":"Group 4","np":2,"cix":2,"bm":0,"ix":4,"mn":"ADBE Vector Group","hd":false}],"ip":0,"op":601,"st":0,"bm":0}],"markers":[]}