{"v":"5.9.0","fr":60,"ip":0,"op":131,"w":1080,"h":1080,"nm":"CHARACTER 01","ddd":0,"assets":[],"layers":[{"ddd":0,"ind":1,"ty":4,"nm":"CROP","parent":10,"sr":1,"ks":{"o":{"a":0,"k":100,"ix":11},"r":{"a":0,"k":0,"ix":10},"p":{"a":0,"k":[540,533.464,0],"ix":2,"l":2},"a":{"a":0,"k":[0,0,0],"ix":1,"l":2},"s":{"a":0,"k":[100,100,100],"ix":6,"l":2}},"ao":0,"shapes":[{"ty":"gr","it":[{"ind":0,"ty":"sh","ix":1,"ks":{"a":0,"k":{"i":[[0,0],[-77.25,-29.741],[-12,12.75]],"o":[[0,0],[92.546,35.63],[5.242,-5.57]],"v":[[-62,-227.991],[57,-157],[211,-142.25]],"c":false},"ix":2},"nm":"Path 1","mn":"ADBE Vector Shape - Group","hd":false},{"ty":"st","c":{"a":0,"k":[0,0,0,1],"ix":3},"o":{"a":0,"k":100,"ix":4},"w":{"a":0,"k":5,"ix":5},"lc":1,"lj":1,"ml":4,"bm":0,"nm":"Stroke 1","mn":"ADBE Vector Graphic - Stroke","hd":false},{"ty":"tr","p":{"a":0,"k":[0,0],"ix":2},"a":{"a":0,"k":[0,0],"ix":1},"s":{"a":0,"k":[100,100],"ix":3},"r":{"a":0,"k":0,"ix":6},"o":{"a":0,"k":100,"ix":7},"sk":{"a":0,"k":0,"ix":4},"sa":{"a":0,"k":0,"ix":5},"nm":"Transform"}],"nm":"Shape 1","np":3,"cix":2,"bm":0,"ix":1,"mn":"ADBE Vector Group","hd":false}],"ip":0,"op":600,"st":0,"bm":0},{"ddd":0,"ind":2,"ty":4,"nm":"RAMEN","parent":10,"sr":1,"ks":{"o":{"a":0,"k":100,"ix":11},"r":{"a":0,"k":0,"ix":10},"p":{"a":0,"k":[650.75,391.964,0],"ix":2,"l":2},"a":{"a":0,"k":[133.5,-93.5,0],"ix":1,"l":2},"s":{"a":0,"k":[100,100,100],"ix":6,"l":2}},"ao":0,"shapes":[{"ty":"gr","it":[{"ind":0,"ty":"sh","ix":1,"ks":{"a":1,"k":[{"i":{"x":0.667,"y":1},"o":{"x":0.167,"y":0.167},"t":0,"s":[{"i":[[0,0],[-22.885,-3.584],[20.25,42.25]],"o":[[0,0],[20.75,3.25],[-20.25,-42.25]],"v":[[157.75,-88],[199.5,-108.75],[214.5,-178.5]],"c":false}]},{"i":{"x":0.667,"y":1},"o":{"x":0.333,"y":0},"t":33,"s":[{"i":[[0,0],[-22.885,-3.584],[20.25,42.25]],"o":[[0,0],[20.75,3.25],[-20.25,-42.25]],"v":[[157.75,-88],[188.25,-106.946],[212.25,-171.026]],"c":false}]},{"i":{"x":0.667,"y":1},"o":{"x":0.333,"y":0},"t":65,"s":[{"i":[[0,0],[-22.885,-3.584],[15.25,35.543]],"o":[[0,0],[20.75,3.25],[-18.474,-43.056]],"v":[[157.75,-88],[194.75,-115.226],[212,-191.85]],"c":false}]},{"i":{"x":0.833,"y":0.833},"o":{"x":0.333,"y":0},"t":98,"s":[{"i":[[0,0],[-22.885,-3.584],[20.25,42.25]],"o":[[0,0],[20.75,3.25],[-20.25,-42.25]],"v":[[157.75,-88],[188.25,-106.946],[212.25,-171.026]],"c":false}]},{"t":130,"s":[{"i":[[0,0],[-22.885,-3.584],[20.25,42.25]],"o":[[0,0],[20.75,3.25],[-20.25,-42.25]],"v":[[157.75,-88],[199.5,-108.75],[214.5,-178.5]],"c":false}]}],"ix":2},"nm":"Path 1","mn":"ADBE Vector Shape - Group","hd":false},{"ty":"st","c":{"a":0,"k":[0,0,0,1],"ix":3},"o":{"a":0,"k":100,"ix":4},"w":{"a":0,"k":5,"ix":5},"lc":1,"lj":1,"ml":4,"bm":0,"nm":"Stroke 1","mn":"ADBE Vector Graphic - Stroke","hd":false},{"ty":"tr","p":{"a":0,"k":[0,0],"ix":2},"a":{"a":0,"k":[0,0],"ix":1},"s":{"a":0,"k":[100,100],"ix":3},"r":{"a":0,"k":0,"ix":6},"o":{"a":0,"k":100,"ix":7},"sk":{"a":0,"k":0,"ix":4},"sa":{"a":0,"k":0,"ix":5},"nm":"Transform"}],"nm":"Shape 4","np":3,"cix":2,"bm":0,"ix":1,"mn":"ADBE Vector Group","hd":false},{"ty":"gr","it":[{"ind":0,"ty":"sh","ix":1,"ks":{"a":1,"k":[{"i":{"x":0.667,"y":1},"o":{"x":0.167,"y":0.167},"t":0,"s":[{"i":[[0,0],[-40.25,0.25],[0,0]],"o":[[0,0],[40.25,-0.25],[0,0]],"v":[[103.25,-103],[164.5,-128.75],[199.5,-187]],"c":false}]},{"i":{"x":0.667,"y":1},"o":{"x":0.333,"y":0},"t":33,"s":[{"i":[[0,0],[-40.25,0.25],[0,0]],"o":[[0,0],[40.25,-0.25],[0,0]],"v":[[103.25,-103],[153.25,-126.946],[196.5,-175.66]],"c":false}]},{"i":{"x":0.667,"y":1},"o":{"x":0.333,"y":0},"t":65,"s":[{"i":[[0,0],[-40.25,0.25],[0,0]],"o":[[0,0],[40.25,-0.25],[0,0]],"v":[[103.25,-103],[153.25,-126.946],[195.75,-202.506]],"c":false}]},{"i":{"x":0.833,"y":0.833},"o":{"x":0.333,"y":0},"t":98,"s":[{"i":[[0,0],[-40.25,0.25],[0,0]],"o":[[0,0],[40.25,-0.25],[0,0]],"v":[[103.25,-103],[153.25,-126.946],[196.5,-175.66]],"c":false}]},{"t":130,"s":[{"i":[[0,0],[-40.25,0.25],[0,0]],"o":[[0,0],[40.25,-0.25],[0,0]],"v":[[103.25,-103],[164.5,-128.75],[199.5,-187]],"c":false}]}],"ix":2},"nm":"Path 1","mn":"ADBE Vector Shape - Group","hd":false},{"ty":"st","c":{"a":0,"k":[0,0,0,1],"ix":3},"o":{"a":0,"k":100,"ix":4},"w":{"a":0,"k":5,"ix":5},"lc":1,"lj":1,"ml":4,"bm":0,"nm":"Stroke 1","mn":"ADBE Vector Graphic - Stroke","hd":false},{"ty":"tr","p":{"a":0,"k":[0,0],"ix":2},"a":{"a":0,"k":[0,0],"ix":1},"s":{"a":0,"k":[100,100],"ix":3},"r":{"a":0,"k":0,"ix":6},"o":{"a":0,"k":100,"ix":7},"sk":{"a":0,"k":0,"ix":4},"sa":{"a":0,"k":0,"ix":5},"nm":"Transform"}],"nm":"Shape 3","np":3,"cix":2,"bm":0,"ix":2,"mn":"ADBE Vector Group","hd":false},{"ty":"gr","it":[{"ind":0,"ty":"sh","ix":1,"ks":{"a":1,"k":[{"i":{"x":0.667,"y":1},"o":{"x":0.167,"y":0.167},"t":0,"s":[{"i":[[0,0],[-39.22,-1.563],[0,0]],"o":[[0,0],[62.75,2.5],[0,0]],"v":[[63,-118.5],[121.75,-150.5],[191,-187]],"c":false}]},{"i":{"x":0.667,"y":1},"o":{"x":0.333,"y":0},"t":33,"s":[{"i":[[0,0],[-39.22,-1.563],[0,0]],"o":[[0,0],[62.75,2.5],[0,0]],"v":[[63,-118.5],[110.5,-148.696],[188,-175.66]],"c":false}]},{"i":{"x":0.667,"y":1},"o":{"x":0.333,"y":0},"t":65,"s":[{"i":[[0,0],[-39.22,-1.563],[0,0]],"o":[[0,0],[62.75,2.5],[0,0]],"v":[[63,-118.5],[109.25,-155.219],[184.75,-206.52]],"c":false}]},{"i":{"x":0.833,"y":0.833},"o":{"x":0.333,"y":0},"t":98,"s":[{"i":[[0,0],[-39.22,-1.563],[0,0]],"o":[[0,0],[62.75,2.5],[0,0]],"v":[[63,-118.5],[110.5,-148.696],[188,-175.66]],"c":false}]},{"t":130,"s":[{"i":[[0,0],[-39.22,-1.563],[0,0]],"o":[[0,0],[62.75,2.5],[0,0]],"v":[[63,-118.5],[121.75,-150.5],[191,-187]],"c":false}]}],"ix":2},"nm":"Path 1","mn":"ADBE Vector Shape - Group","hd":false},{"ty":"st","c":{"a":0,"k":[0,0,0,1],"ix":3},"o":{"a":0,"k":100,"ix":4},"w":{"a":0,"k":5,"ix":5},"lc":1,"lj":1,"ml":4,"bm":0,"nm":"Stroke 1","mn":"ADBE Vector Graphic - Stroke","hd":false},{"ty":"fl","c":{"a":0,"k":[1,0.733333333333,0,1],"ix":4},"o":{"a":0,"k":100,"ix":5},"r":1,"bm":0,"nm":"Fill 1","mn":"ADBE Vector Graphic - Fill","hd":false},{"ty":"tr","p":{"a":0,"k":[0,0],"ix":2},"a":{"a":0,"k":[0,0],"ix":1},"s":{"a":0,"k":[100,100],"ix":3},"r":{"a":0,"k":0,"ix":6},"o":{"a":0,"k":100,"ix":7},"sk":{"a":0,"k":0,"ix":4},"sa":{"a":0,"k":0,"ix":5},"nm":"Transform"}],"nm":"Shape 2","np":3,"cix":2,"bm":0,"ix":3,"mn":"ADBE Vector Group","hd":false},{"ty":"gr","it":[{"ind":0,"ty":"sh","ix":1,"ks":{"a":1,"k":[{"i":{"x":0.667,"y":1},"o":{"x":0.167,"y":0.167},"t":0,"s":[{"i":[[29.25,-11.25],[26.25,-1.75],[17,-40.75],[-55.25,-2.75],[-3.699,28.219]],"o":[[-29.25,11.25],[-26.25,1.75],[19.5,11.5],[55.25,2.75],[4.217,-32.166]],"v":[[159.5,-231],[92.5,-216.5],[12,-177.75],[156.75,-129.25],[223.25,-167.25]],"c":true}]},{"i":{"x":0.667,"y":1},"o":{"x":0.333,"y":0},"t":33,"s":[{"i":[[29.25,-11.25],[28.217,4.759],[17,-40.75],[-55.25,-2.75],[-3.699,28.219]],"o":[[-29.25,11.25],[-25.942,-4.375],[19.5,11.5],[55.25,2.75],[4.217,-32.166]],"v":[[156.5,-219.66],[81.25,-214.696],[12,-177.75],[156.75,-129.25],[223.25,-167.25]],"c":true}]},{"i":{"x":0.667,"y":1},"o":{"x":0.333,"y":0},"t":65,"s":[{"i":[[29.25,-11.25],[28.217,4.759],[17,-40.75],[-55.25,-2.75],[-3.699,28.219]],"o":[[-29.25,11.25],[-25.942,-4.375],[19.5,11.5],[55.25,2.75],[4.217,-32.166]],"v":[[153.25,-250.52],[84.25,-228.997],[12,-177.75],[156.75,-129.25],[223.25,-167.25]],"c":true}]},{"i":{"x":0.833,"y":0.833},"o":{"x":0.333,"y":0},"t":98,"s":[{"i":[[29.25,-11.25],[28.217,4.759],[17,-40.75],[-55.25,-2.75],[-3.699,28.219]],"o":[[-29.25,11.25],[-25.942,-4.375],[19.5,11.5],[55.25,2.75],[4.217,-32.166]],"v":[[156.5,-219.66],[81.25,-214.696],[12,-177.75],[156.75,-129.25],[223.25,-167.25]],"c":true}]},{"t":130,"s":[{"i":[[29.25,-11.25],[26.25,-1.75],[17,-40.75],[-55.25,-2.75],[-3.699,28.219]],"o":[[-29.25,11.25],[-26.25,1.75],[19.5,11.5],[55.25,2.75],[4.217,-32.166]],"v":[[159.5,-231],[92.5,-216.5],[12,-177.75],[156.75,-129.25],[223.25,-167.25]],"c":true}]}],"ix":2},"nm":"Path 1","mn":"ADBE Vector Shape - Group","hd":false},{"ty":"st","c":{"a":0,"k":[0,0,0,1],"ix":3},"o":{"a":0,"k":100,"ix":4},"w":{"a":0,"k":5,"ix":5},"lc":1,"lj":1,"ml":4,"bm":0,"nm":"Stroke 1","mn":"ADBE Vector Graphic - Stroke","hd":false},{"ty":"fl","c":{"a":0,"k":[1,0.733333333333,0,1],"ix":4},"o":{"a":0,"k":100,"ix":5},"r":1,"bm":0,"nm":"Fill 1","mn":"ADBE Vector Graphic - Fill","hd":false},{"ty":"tr","p":{"a":0,"k":[21.283,44.416],"ix":2},"a":{"a":0,"k":[0,0],"ix":1},"s":{"a":0,"k":[100,100],"ix":3},"r":{"a":0,"k":0,"ix":6},"o":{"a":0,"k":100,"ix":7},"sk":{"a":0,"k":0,"ix":4},"sa":{"a":0,"k":0,"ix":5},"nm":"Transform"}],"nm":"Shape 1","np":3,"cix":2,"bm":0,"ix":4,"mn":"ADBE Vector Group","hd":false}],"ip":0,"op":600,"st":0,"bm":0},{"ddd":0,"ind":3,"ty":4,"nm":"RAMEN","parent":10,"sr":1,"ks":{"o":{"a":0,"k":100,"ix":11},"r":{"a":0,"k":0,"ix":10},"p":{"a":0,"k":[539.5,533.964,0],"ix":2,"l":2},"a":{"a":0,"k":[0,0,0],"ix":1,"l":2},"s":{"a":0,"k":[100,100,100],"ix":6,"l":2}},"ao":0,"shapes":[{"ty":"gr","it":[{"ind":0,"ty":"sh","ix":1,"ks":{"a":1,"k":[{"i":{"x":0.667,"y":1},"o":{"x":0.167,"y":0.167},"t":0,"s":[{"i":[[0,0],[-58,-15]],"o":[[0,0],[58,15]],"v":[[67,-157.25],[116.25,-185.75]],"c":false}]},{"i":{"x":0.667,"y":1},"o":{"x":0.333,"y":0},"t":16,"s":[{"i":[[0,0],[-58,-15]],"o":[[0,0],[58,15]],"v":[[67,-157.25],[116.75,-185.235]],"c":false}]},{"i":{"x":0.667,"y":1},"o":{"x":0.333,"y":0},"t":33,"s":[{"i":[[0,0],[-58,-15]],"o":[[0,0],[58,15]],"v":[[67,-157.25],[122,-198.236]],"c":false}]},{"i":{"x":0.667,"y":1},"o":{"x":0.333,"y":0},"t":49,"s":[{"i":[[0,0],[-58,-15]],"o":[[0,0],[58,15]],"v":[[67,-157.25],[117.75,-188.442]],"c":false}]},{"i":{"x":0.667,"y":1},"o":{"x":0.333,"y":0},"t":65,"s":[{"i":[[0,0],[-62.463,-16.154]],"o":[[0,0],[62.463,16.154]],"v":[[74.311,-155.885],[144.044,-198.093]],"c":false}]},{"i":{"x":0.667,"y":1},"o":{"x":0.333,"y":0},"t":81,"s":[{"i":[[0,0],[-58,-15]],"o":[[0,0],[58,15]],"v":[[67,-157.25],[117.75,-188.442]],"c":false}]},{"i":{"x":0.667,"y":1},"o":{"x":0.333,"y":0},"t":98,"s":[{"i":[[0,0],[-58,-15]],"o":[[0,0],[58,15]],"v":[[67,-157.25],[122,-198.236]],"c":false}]},{"i":{"x":0.833,"y":0.833},"o":{"x":0.333,"y":0},"t":114,"s":[{"i":[[0,0],[-58,-15]],"o":[[0,0],[58,15]],"v":[[67,-157.25],[116.75,-185.235]],"c":false}]},{"t":130,"s":[{"i":[[0,0],[-58,-15]],"o":[[0,0],[58,15]],"v":[[67,-157.25],[116.25,-185.75]],"c":false}]}],"ix":2},"nm":"Path 1","mn":"ADBE Vector Shape - Group","hd":false},{"ty":"st","c":{"a":0,"k":[0,0,0,1],"ix":3},"o":{"a":0,"k":100,"ix":4},"w":{"a":0,"k":5,"ix":5},"lc":1,"lj":1,"ml":4,"bm":0,"nm":"Stroke 1","mn":"ADBE Vector Graphic - Stroke","hd":false},{"ty":"tr","p":{"a":0,"k":[0,0],"ix":2},"a":{"a":0,"k":[0,0],"ix":1},"s":{"a":0,"k":[100,100],"ix":3},"r":{"a":0,"k":0,"ix":6},"o":{"a":0,"k":100,"ix":7},"sk":{"a":0,"k":0,"ix":4},"sa":{"a":0,"k":0,"ix":5},"nm":"Transform"}],"nm":"Shape 5","np":3,"cix":2,"bm":0,"ix":1,"mn":"ADBE Vector Group","hd":false},{"ty":"gr","it":[{"ind":0,"ty":"sh","ix":1,"ks":{"a":1,"k":[{"i":{"x":0.667,"y":1},"o":{"x":0.167,"y":0.167},"t":0,"s":[{"i":[[0,0],[-56.5,-28]],"o":[[0,0],[56.5,28]],"v":[[27.25,-172],[104,-199.25]],"c":false}]},{"i":{"x":0.667,"y":1},"o":{"x":0.333,"y":0},"t":16,"s":[{"i":[[0,0],[-56.5,-28]],"o":[[0,0],[56.5,28]],"v":[[27.25,-172],[104.5,-198.735]],"c":false}]},{"i":{"x":0.667,"y":1},"o":{"x":0.333,"y":0},"t":33,"s":[{"i":[[0,0],[-56.5,-28]],"o":[[0,0],[56.5,28]],"v":[[27.25,-172],[109.75,-211.736]],"c":false}]},{"i":{"x":0.667,"y":1},"o":{"x":0.333,"y":0},"t":49,"s":[{"i":[[0,0],[-56.5,-28]],"o":[[0,0],[56.5,28]],"v":[[27.25,-172],[105.5,-201.942]],"c":false}]},{"i":{"x":0.667,"y":1},"o":{"x":0.333,"y":0},"t":65,"s":[{"i":[[0,0],[-60.848,-30.155]],"o":[[0,0],[60.848,30.155]],"v":[[31.502,-171.77],[130.851,-212.632]],"c":false}]},{"i":{"x":0.667,"y":1},"o":{"x":0.333,"y":0},"t":81,"s":[{"i":[[0,0],[-56.5,-28]],"o":[[0,0],[56.5,28]],"v":[[27.25,-172],[105.5,-201.942]],"c":false}]},{"i":{"x":0.667,"y":1},"o":{"x":0.333,"y":0},"t":98,"s":[{"i":[[0,0],[-56.5,-28]],"o":[[0,0],[56.5,28]],"v":[[27.25,-172],[109.75,-211.736]],"c":false}]},{"i":{"x":0.833,"y":0.833},"o":{"x":0.333,"y":0},"t":114,"s":[{"i":[[0,0],[-56.5,-28]],"o":[[0,0],[56.5,28]],"v":[[27.25,-172],[104.5,-198.735]],"c":false}]},{"t":130,"s":[{"i":[[0,0],[-56.5,-28]],"o":[[0,0],[56.5,28]],"v":[[27.25,-172],[104,-199.25]],"c":false}]}],"ix":2},"nm":"Path 1","mn":"ADBE Vector Shape - Group","hd":false},{"ty":"st","c":{"a":0,"k":[0,0,0,1],"ix":3},"o":{"a":0,"k":100,"ix":4},"w":{"a":0,"k":5,"ix":5},"lc":1,"lj":1,"ml":4,"bm":0,"nm":"Stroke 1","mn":"ADBE Vector Graphic - Stroke","hd":false},{"ty":"tr","p":{"a":0,"k":[0,0],"ix":2},"a":{"a":0,"k":[0,0],"ix":1},"s":{"a":0,"k":[100,100],"ix":3},"r":{"a":0,"k":0,"ix":6},"o":{"a":0,"k":100,"ix":7},"sk":{"a":0,"k":0,"ix":4},"sa":{"a":0,"k":0,"ix":5},"nm":"Transform"}],"nm":"Shape 4","np":3,"cix":2,"bm":0,"ix":2,"mn":"ADBE Vector Group","hd":false},{"ty":"gr","it":[{"ind":0,"ty":"sh","ix":1,"ks":{"a":1,"k":[{"i":{"x":0.667,"y":1},"o":{"x":0.167,"y":0.167},"t":0,"s":[{"i":[[0,0],[-63.25,-30.25]],"o":[[0,0],[63.25,30.25]],"v":[[-5.5,-187.75],[88.75,-214.75]],"c":false}]},{"i":{"x":0.667,"y":1},"o":{"x":0.333,"y":0},"t":16,"s":[{"i":[[0,0],[-63.25,-30.25]],"o":[[0,0],[63.25,30.25]],"v":[[-5.5,-187.75],[89.25,-214.235]],"c":false}]},{"i":{"x":0.667,"y":1},"o":{"x":0.333,"y":0},"t":33,"s":[{"i":[[0,0],[-63.25,-30.25]],"o":[[0,0],[63.25,30.25]],"v":[[-5.5,-187.75],[94.5,-227.236]],"c":false}]},{"i":{"x":0.667,"y":1},"o":{"x":0.333,"y":0},"t":49,"s":[{"i":[[0,0],[-63.25,-30.25]],"o":[[0,0],[63.25,30.25]],"v":[[-5.5,-187.75],[90.25,-217.442]],"c":false}]},{"i":{"x":0.667,"y":1},"o":{"x":0.333,"y":0},"t":65,"s":[{"i":[[0,0],[-68.117,-32.578]],"o":[[0,0],[68.117,32.578]],"v":[[-3.768,-188.732],[114.428,-229.325]],"c":false}]},{"i":{"x":0.667,"y":1},"o":{"x":0.333,"y":0},"t":81,"s":[{"i":[[0,0],[-63.25,-30.25]],"o":[[0,0],[63.25,30.25]],"v":[[-5.5,-187.75],[90.25,-217.442]],"c":false}]},{"i":{"x":0.667,"y":1},"o":{"x":0.333,"y":0},"t":98,"s":[{"i":[[0,0],[-63.25,-30.25]],"o":[[0,0],[63.25,30.25]],"v":[[-5.5,-187.75],[94.5,-227.236]],"c":false}]},{"i":{"x":0.833,"y":0.833},"o":{"x":0.333,"y":0},"t":114,"s":[{"i":[[0,0],[-63.25,-30.25]],"o":[[0,0],[63.25,30.25]],"v":[[-5.5,-187.75],[89.25,-214.235]],"c":false}]},{"t":130,"s":[{"i":[[0,0],[-63.25,-30.25]],"o":[[0,0],[63.25,30.25]],"v":[[-5.5,-187.75],[88.75,-214.75]],"c":false}]}],"ix":2},"nm":"Path 1","mn":"ADBE Vector Shape - Group","hd":false},{"ty":"st","c":{"a":0,"k":[0,0,0,1],"ix":3},"o":{"a":0,"k":100,"ix":4},"w":{"a":0,"k":5,"ix":5},"lc":1,"lj":1,"ml":4,"bm":0,"nm":"Stroke 1","mn":"ADBE Vector Graphic - Stroke","hd":false},{"ty":"tr","p":{"a":0,"k":[0,0],"ix":2},"a":{"a":0,"k":[0,0],"ix":1},"s":{"a":0,"k":[100,100],"ix":3},"r":{"a":0,"k":0,"ix":6},"o":{"a":0,"k":100,"ix":7},"sk":{"a":0,"k":0,"ix":4},"sa":{"a":0,"k":0,"ix":5},"nm":"Transform"}],"nm":"Shape 3","np":3,"cix":2,"bm":0,"ix":3,"mn":"ADBE Vector Group","hd":false},{"ty":"gr","it":[{"ind":0,"ty":"sh","ix":1,"ks":{"a":1,"k":[{"i":{"x":0.667,"y":1},"o":{"x":0.167,"y":0.167},"t":0,"s":[{"i":[[0,0],[-84.75,-33]],"o":[[0,0],[43.998,17.132]],"v":[[-32.5,-205.25],[74,-226.25]],"c":false}]},{"i":{"x":0.667,"y":1},"o":{"x":0.333,"y":0},"t":16,"s":[{"i":[[0,0],[-84.75,-33]],"o":[[0,0],[43.998,17.132]],"v":[[-32.5,-205.25],[74.5,-225.735]],"c":false}]},{"i":{"x":0.667,"y":1},"o":{"x":0.333,"y":0},"t":33,"s":[{"i":[[0,0],[-84.75,-33]],"o":[[0,0],[43.998,17.132]],"v":[[-32.5,-205.25],[79.75,-238.736]],"c":false}]},{"i":{"x":0.667,"y":1},"o":{"x":0.333,"y":0},"t":49,"s":[{"i":[[0,0],[-84.75,-33]],"o":[[0,0],[43.998,17.132]],"v":[[-32.5,-205.25],[75.5,-228.942]],"c":false}]},{"i":{"x":0.667,"y":1},"o":{"x":0.333,"y":0},"t":65,"s":[{"i":[[0,0],[-91.272,-35.539]],"o":[[0,0],[47.384,18.45]],"v":[[-32.846,-207.579],[98.543,-241.71]],"c":false}]},{"i":{"x":0.667,"y":1},"o":{"x":0.333,"y":0},"t":81,"s":[{"i":[[0,0],[-84.75,-33]],"o":[[0,0],[43.998,17.132]],"v":[[-32.5,-205.25],[75.5,-228.942]],"c":false}]},{"i":{"x":0.667,"y":1},"o":{"x":0.333,"y":0},"t":98,"s":[{"i":[[0,0],[-84.75,-33]],"o":[[0,0],[43.998,17.132]],"v":[[-32.5,-205.25],[79.75,-238.736]],"c":false}]},{"i":{"x":0.833,"y":0.833},"o":{"x":0.333,"y":0},"t":114,"s":[{"i":[[0,0],[-84.75,-33]],"o":[[0,0],[43.998,17.132]],"v":[[-32.5,-205.25],[74.5,-225.735]],"c":false}]},{"t":130,"s":[{"i":[[0,0],[-84.75,-33]],"o":[[0,0],[43.998,17.132]],"v":[[-32.5,-205.25],[74,-226.25]],"c":false}]}],"ix":2},"nm":"Path 1","mn":"ADBE Vector Shape - Group","hd":false},{"ty":"st","c":{"a":0,"k":[0,0,0,1],"ix":3},"o":{"a":0,"k":100,"ix":4},"w":{"a":0,"k":5,"ix":5},"lc":1,"lj":1,"ml":4,"bm":0,"nm":"Stroke 1","mn":"ADBE Vector Graphic - Stroke","hd":false},{"ty":"fl","c":{"a":0,"k":[1,0.733333333333,0,1],"ix":4},"o":{"a":0,"k":100,"ix":5},"r":1,"bm":0,"nm":"Fill 1","mn":"ADBE Vector Graphic - Fill","hd":false},{"ty":"tr","p":{"a":0,"k":[0,0],"ix":2},"a":{"a":0,"k":[0,0],"ix":1},"s":{"a":0,"k":[100,100],"ix":3},"r":{"a":0,"k":0,"ix":6},"o":{"a":0,"k":100,"ix":7},"sk":{"a":0,"k":0,"ix":4},"sa":{"a":0,"k":0,"ix":5},"nm":"Transform"}],"nm":"Shape 2","np":3,"cix":2,"bm":0,"ix":4,"mn":"ADBE Vector Group","hd":false},{"ty":"gr","it":[{"ind":0,"ty":"sh","ix":1,"ks":{"a":1,"k":[{"i":{"x":0.667,"y":1},"o":{"x":0.167,"y":0.167},"t":0,"s":[{"i":[[8.5,-12],[0,0],[73,62.5]],"o":[[40.5,50],[0,0],[-73,-62.5]],"v":[[-50.75,-221.5],[130.5,-139.25],[83.25,-219.5]],"c":true}]},{"i":{"x":0.667,"y":1},"o":{"x":0.333,"y":0},"t":16,"s":[{"i":[[8.5,-12],[0,0],[73,62.5]],"o":[[40.5,50],[0,0],[-73,-62.5]],"v":[[-50.75,-221.5],[130.5,-139.25],[83.75,-218.985]],"c":true}]},{"i":{"x":0.667,"y":1},"o":{"x":0.333,"y":0},"t":33,"s":[{"i":[[8.5,-12],[0,0],[73,62.5]],"o":[[40.5,50],[0,0],[-73,-62.5]],"v":[[-50.75,-221.5],[130.5,-139.25],[89,-231.986]],"c":true}]},{"i":{"x":0.667,"y":1},"o":{"x":0.333,"y":0},"t":49,"s":[{"i":[[8.5,-12],[0,0],[73,62.5]],"o":[[40.5,50],[0,0],[-73,-62.5]],"v":[[-50.75,-221.5],[130.5,-139.25],[84.75,-222.192]],"c":true}]},{"i":{"x":0.667,"y":1},"o":{"x":0.333,"y":0},"t":65,"s":[{"i":[[9.154,-12.923],[0,0],[78.618,67.31]],"o":[[43.617,53.848],[0,0],[-78.618,-67.31]],"v":[[-52.5,-225.079],[142.698,-136.5],[108.505,-234.44]],"c":true}]},{"i":{"x":0.667,"y":1},"o":{"x":0.333,"y":0},"t":81,"s":[{"i":[[8.5,-12],[0,0],[73,62.5]],"o":[[40.5,50],[0,0],[-73,-62.5]],"v":[[-50.75,-221.5],[130.5,-139.25],[84.75,-222.192]],"c":true}]},{"i":{"x":0.667,"y":1},"o":{"x":0.333,"y":0},"t":98,"s":[{"i":[[8.5,-12],[0,0],[73,62.5]],"o":[[40.5,50],[0,0],[-73,-62.5]],"v":[[-50.75,-221.5],[130.5,-139.25],[89,-231.986]],"c":true}]},{"i":{"x":0.833,"y":0.833},"o":{"x":0.333,"y":0},"t":114,"s":[{"i":[[8.5,-12],[0,0],[73,62.5]],"o":[[40.5,50],[0,0],[-73,-62.5]],"v":[[-50.75,-221.5],[130.5,-139.25],[83.75,-218.985]],"c":true}]},{"t":130,"s":[{"i":[[8.5,-12],[0,0],[73,62.5]],"o":[[40.5,50],[0,0],[-73,-62.5]],"v":[[-50.75,-221.5],[130.5,-139.25],[83.25,-219.5]],"c":true}]}],"ix":2},"nm":"Path 1","mn":"ADBE Vector Shape - Group","hd":false},{"ty":"st","c":{"a":0,"k":[0,0,0,1],"ix":3},"o":{"a":0,"k":100,"ix":4},"w":{"a":0,"k":5,"ix":5},"lc":1,"lj":1,"ml":4,"bm":0,"nm":"Stroke 1","mn":"ADBE Vector Graphic - Stroke","hd":false},{"ty":"fl","c":{"a":0,"k":[1,0.733333333333,0,1],"ix":4},"o":{"a":0,"k":100,"ix":5},"r":1,"bm":0,"nm":"Fill 1","mn":"ADBE Vector Graphic - Fill","hd":false},{"ty":"tr","p":{"a":0,"k":[0,0],"ix":2},"a":{"a":0,"k":[0,0],"ix":1},"s":{"a":0,"k":[100,100],"ix":3},"r":{"a":0,"k":0,"ix":6},"o":{"a":0,"k":100,"ix":7},"sk":{"a":0,"k":0,"ix":4},"sa":{"a":0,"k":0,"ix":5},"nm":"Transform"}],"nm":"Shape 1","np":3,"cix":2,"bm":0,"ix":5,"mn":"ADBE Vector Group","hd":false}],"ip":0,"op":600,"st":0,"bm":0},{"ddd":0,"ind":4,"ty":4,"nm":"FISHCAKE Outlines","parent":10,"sr":1,"ks":{"o":{"a":0,"k":100,"ix":11},"r":{"a":1,"k":[{"i":{"x":[0.667],"y":[1]},"o":{"x":[0.167],"y":[0.167]},"t":0,"s":[0]},{"i":{"x":[0.667],"y":[1]},"o":{"x":[0.333],"y":[0]},"t":25.4,"s":[-12]},{"i":{"x":[0.667],"y":[1]},"o":{"x":[0.333],"y":[0]},"t":50.801,"s":[1]},{"i":{"x":[0.667],"y":[1]},"o":{"x":[0.333],"y":[0]},"t":76.199,"s":[-12]},{"i":{"x":[0.833],"y":[0.833]},"o":{"x":[0.333],"y":[0]},"t":101.6,"s":[1]},{"t":130,"s":[0]}],"ix":10},"p":{"a":0,"k":[490,316,0],"ix":2,"l":2},"a":{"a":0,"k":[490,316,0],"ix":1,"l":2},"s":{"a":0,"k":[100,100,100],"ix":6,"l":2}},"ao":0,"shapes":[{"ty":"gr","it":[{"ind":0,"ty":"sh","ix":1,"ks":{"a":0,"k":{"i":[[-0.974,-23.262],[23.262,-0.973],[0.974,23.262],[-23.263,0.973]],"o":[[0.973,23.262],[-23.262,0.974],[-0.973,-23.262],[23.262,-0.974]],"v":[[42.12,-1.763],[1.763,42.12],[-42.12,1.763],[-1.762,-42.12]],"c":true},"ix":2},"nm":"Path 1","mn":"ADBE Vector Shape - Group","hd":false},{"ty":"st","c":{"a":0,"k":[0.9921568627450981,0.5372549019607843,1,1],"ix":3},"o":{"a":0,"k":100,"ix":4},"w":{"a":0,"k":5,"ix":5},"lc":2,"lj":2,"bm":0,"nm":"Stroke 1","mn":"ADBE Vector Graphic - Stroke","hd":false},{"ty":"tr","p":{"a":0,"k":[528.265,278.031],"ix":2},"a":{"a":0,"k":[0,0],"ix":1},"s":{"a":0,"k":[100,100],"ix":3},"r":{"a":0,"k":0,"ix":6},"o":{"a":0,"k":100,"ix":7},"sk":{"a":0,"k":0,"ix":4},"sa":{"a":0,"k":0,"ix":5},"nm":"Transform"}],"nm":"Group 1","np":2,"cix":2,"bm":0,"ix":1,"mn":"ADBE Vector Group","hd":false},{"ty":"gr","it":[{"ind":0,"ty":"sh","ix":1,"ks":{"a":0,"k":{"i":[[-0.584,-13.95],[13.95,-0.584],[0.583,13.95],[-13.95,0.584]],"o":[[0.584,13.95],[-13.95,0.584],[-0.584,-13.95],[13.95,-0.584]],"v":[[25.258,-1.057],[1.057,25.258],[-25.258,1.057],[-1.057,-25.258]],"c":true},"ix":2},"nm":"Path 1","mn":"ADBE Vector Shape - Group","hd":false},{"ty":"st","c":{"a":0,"k":[0.9921568627450981,0.5372549019607843,1,1],"ix":3},"o":{"a":0,"k":100,"ix":4},"w":{"a":0,"k":5,"ix":5},"lc":2,"lj":2,"bm":0,"nm":"Stroke 1","mn":"ADBE Vector Graphic - Stroke","hd":false},{"ty":"tr","p":{"a":0,"k":[528.266,278.031],"ix":2},"a":{"a":0,"k":[0,0],"ix":1},"s":{"a":0,"k":[100,100],"ix":3},"r":{"a":0,"k":0,"ix":6},"o":{"a":0,"k":100,"ix":7},"sk":{"a":0,"k":0,"ix":4},"sa":{"a":0,"k":0,"ix":5},"nm":"Transform"}],"nm":"Group 2","np":2,"cix":2,"bm":0,"ix":2,"mn":"ADBE Vector Group","hd":false},{"ty":"gr","it":[{"ind":0,"ty":"sh","ix":1,"ks":{"a":0,"k":{"i":[[0,0],[0.134,0.843],[-0.172,0.083],[-0.644,-0.592],[-8.241,8.96],[8.961,8.241],[0.839,0.58],[-0.036,0.104],[-1.05,0.044],[0.509,12.163],[12.163,-0.509],[1.217,-0.263],[-0.872,0.947],[8.961,8.241],[8.241,-8.96],[0.675,-1.047],[0.053,1.286],[12.163,-0.509],[-0.509,-12.162],[-0.263,-1.217],[0.948,0.872],[8.24,-8.961],[-8.961,-8.24],[-1.047,-0.675],[0.001,0],[1.286,-0.054],[-0.509,-12.163],[-12.163,0.509],[-0.045,-0.101],[0,0],[-31.683,-16.269]],"o":[[-0.037,-0.873],[0.174,-0.081],[0.557,0.647],[8.96,8.241],[8.24,-8.96],[-0.771,-0.71],[0.037,-0.104],[1.016,0.099],[12.162,-0.509],[-0.509,-12.163],[-1.286,0.054],[0.987,-0.76],[8.24,-8.96],[-8.96,-8.24],[-0.871,0.948],[0.161,-1.235],[-0.509,-12.163],[-12.162,0.509],[0.054,1.287],[-0.76,-0.986],[-8.96,-8.24],[-8.241,8.96],[0.947,0.872],[-0.001,0],[-1.234,-0.16],[-12.163,0.509],[0.509,12.162],[1.049,-0.044],[0,0],[0,0],[0,0]],"v":[[24.37,59.305],[24.099,56.736],[24.619,56.492],[26.408,58.359],[57.553,57.057],[56.249,25.911],[53.819,24.003],[53.928,23.69],[57.022,23.802],[78.123,0.857],[55.178,-20.243],[51.428,-19.742],[54.233,-22.281],[52.929,-53.427],[21.784,-52.123],[19.487,-49.115],[19.675,-52.896],[-3.27,-73.997],[-24.371,-51.052],[-23.868,-47.302],[-26.409,-50.107],[-57.553,-48.802],[-56.25,-17.659],[-53.243,-15.362],[-53.244,-15.362],[-57.022,-15.548],[-78.123,7.396],[-55.179,28.497],[-52.632,28.53],[-51.59,29.424],[14.638,74.505]],"c":true},"ix":2},"nm":"Path 1","mn":"ADBE Vector Shape - Group","hd":false},{"ty":"st","c":{"a":0,"k":[0,0,0,1],"ix":3},"o":{"a":0,"k":100,"ix":4},"w":{"a":0,"k":5,"ix":5},"lc":2,"lj":2,"bm":0,"nm":"Stroke 1","mn":"ADBE Vector Graphic - Stroke","hd":false},{"ty":"fl","c":{"a":0,"k":[1,1,1,1],"ix":4},"o":{"a":0,"k":100,"ix":5},"r":1,"bm":0,"nm":"Fill 1","mn":"ADBE Vector Graphic - Fill","hd":false},{"ty":"tr","p":{"a":0,"k":[528.266,273.904],"ix":2},"a":{"a":0,"k":[0,0],"ix":1},"s":{"a":0,"k":[100,100],"ix":3},"r":{"a":0,"k":0,"ix":6},"o":{"a":0,"k":100,"ix":7},"sk":{"a":0,"k":0,"ix":4},"sa":{"a":0,"k":0,"ix":5},"nm":"Transform"}],"nm":"Group 3","np":3,"cix":2,"bm":0,"ix":3,"mn":"ADBE Vector Group","hd":false}],"ip":0,"op":600,"st":0,"bm":0},{"ddd":0,"ind":5,"ty":4,"nm":"EGG Outlines","parent":10,"sr":1,"ks":{"o":{"a":0,"k":100,"ix":11},"r":{"a":1,"k":[{"i":{"x":[0.337],"y":[1]},"o":{"x":[0.333],"y":[0]},"t":16,"s":[0]},{"i":{"x":[0.667],"y":[1]},"o":{"x":[0.644],"y":[0]},"t":26,"s":[-24]},{"i":{"x":[0.337],"y":[1]},"o":{"x":[0.333],"y":[0]},"t":36,"s":[1]},{"i":{"x":[0.667],"y":[1]},"o":{"x":[0.644],"y":[0]},"t":46,"s":[-56]},{"i":{"x":[0.414],"y":[1]},"o":{"x":[0.333],"y":[0]},"t":56,"s":[1]},{"i":{"x":[0.667],"y":[1]},"o":{"x":[0.579],"y":[0]},"t":76,"s":[-351]},{"i":{"x":[0.49],"y":[1]},"o":{"x":[0.585],"y":[0]},"t":96,"s":[-341]},{"t":106,"s":[-360]}],"ix":10},"p":{"a":1,"k":[{"i":{"x":0.337,"y":1},"o":{"x":0.333,"y":0},"t":16,"s":[648.681,290.206,0],"to":[-1,-1.5,0],"ti":[0,0,0]},{"i":{"x":0.667,"y":1},"o":{"x":0.644,"y":0},"t":26,"s":[642.681,281.206,0],"to":[0,0,0],"ti":[0,0,0]},{"i":{"x":0.337,"y":1},"o":{"x":0.333,"y":0},"t":36,"s":[648.681,290.206,0],"to":[0,0,0],"ti":[0,0,0]},{"i":{"x":0.667,"y":1},"o":{"x":0.644,"y":0},"t":46,"s":[642.681,281.206,0],"to":[0,0,0],"ti":[-1.764,15.944,0]},{"i":{"x":0.414,"y":1},"o":{"x":0.333,"y":0},"t":56,"s":[648.681,290.206,0],"to":[1.764,-15.944,0],"ti":[0,-3.333,0]},{"i":{"x":0.667,"y":1},"o":{"x":0.579,"y":0},"t":76,"s":[653.267,185.544,0],"to":[0,3.333,0],"ti":[0.764,-17.444,0]},{"i":{"x":0.49,"y":1},"o":{"x":0.585,"y":0},"t":96,"s":[648.681,310.206,0],"to":[-0.764,17.444,0],"ti":[0,3.333,0]},{"t":106,"s":[648.681,290.206,0]}],"ix":2,"l":2},"a":{"a":0,"k":[640.672,306.743,0],"ix":1,"l":2},"s":{"a":0,"k":[100,100,100],"ix":6,"l":2}},"ao":0,"shapes":[{"ty":"gr","it":[{"ind":0,"ty":"sh","ix":1,"ks":{"a":0,"k":{"i":[[-4.763,-18.286],[19.983,-5.206],[4.764,18.286],[-19.984,5.206]],"o":[[4.763,18.286],[-19.984,5.205],[-4.763,-18.286],[19.983,-5.205]],"v":[[36.183,-9.425],[8.625,33.11],[-36.183,9.425],[-8.624,-33.11]],"c":true},"ix":2},"nm":"Path 1","mn":"ADBE Vector Shape - Group","hd":false},{"ty":"fl","c":{"a":0,"k":[1,0.733333333333,0,1],"ix":4},"o":{"a":0,"k":100,"ix":5},"r":1,"bm":0,"nm":"Fill 1","mn":"ADBE Vector Graphic - Fill","hd":false},{"ty":"tr","p":{"a":0,"k":[629.564,306.035],"ix":2},"a":{"a":0,"k":[0,0],"ix":1},"s":{"a":0,"k":[100,100],"ix":3},"r":{"a":0,"k":0,"ix":6},"o":{"a":0,"k":100,"ix":7},"sk":{"a":0,"k":0,"ix":4},"sa":{"a":0,"k":0,"ix":5},"nm":"Transform"}],"nm":"Group 1","np":2,"cix":2,"bm":0,"ix":1,"mn":"ADBE Vector Group","hd":false},{"ty":"gr","it":[{"ind":0,"ty":"sh","ix":1,"ks":{"a":0,"k":{"i":[[36.142,-13.322],[11.213,28.604],[-36.142,13.322],[-7.328,-18.693]],"o":[[-36.142,13.322],[-11.213,-28.604],[36.142,-13.322],[8.873,22.633]],"v":[[9.654,51.791],[-64.27,19.764],[-30.952,-51.791],[66.61,-28.478]],"c":true},"ix":2},"nm":"Path 1","mn":"ADBE Vector Shape - Group","hd":false},{"ty":"st","c":{"a":0,"k":[0,0,0,1],"ix":3},"o":{"a":0,"k":100,"ix":4},"w":{"a":0,"k":5,"ix":5},"lc":1,"lj":1,"ml":10,"bm":0,"nm":"Stroke 1","mn":"ADBE Vector Graphic - Stroke","hd":false},{"ty":"fl","c":{"a":0,"k":[1,1,1,1],"ix":4},"o":{"a":0,"k":100,"ix":5},"r":1,"bm":0,"nm":"Fill 1","mn":"ADBE Vector Graphic - Fill","hd":false},{"ty":"tr","p":{"a":0,"k":[641.027,306.725],"ix":2},"a":{"a":0,"k":[0,0],"ix":1},"s":{"a":0,"k":[100,100],"ix":3},"r":{"a":0,"k":0,"ix":6},"o":{"a":0,"k":100,"ix":7},"sk":{"a":0,"k":0,"ix":4},"sa":{"a":0,"k":0,"ix":5},"nm":"Transform"}],"nm":"Group 2","np":3,"cix":2,"bm":0,"ix":2,"mn":"ADBE Vector Group","hd":false}],"ip":0,"op":600,"st":0,"bm":0},{"ddd":0,"ind":6,"ty":4,"nm":"CHOPSTICK Outlines","parent":10,"sr":1,"ks":{"o":{"a":0,"k":100,"ix":11},"r":{"a":1,"k":[{"i":{"x":[0.279],"y":[1]},"o":{"x":[0.167],"y":[0.167]},"t":10,"s":[0]},{"i":{"x":[0.279],"y":[1]},"o":{"x":[0.508],"y":[0]},"t":27.1,"s":[4.191]},{"i":{"x":[0.279],"y":[1]},"o":{"x":[0.508],"y":[0]},"t":48.699,"s":[0]},{"i":{"x":[0.667],"y":[1]},"o":{"x":[0.333],"y":[0]},"t":70.301,"s":[4.191]},{"i":{"x":[0.279],"y":[1]},"o":{"x":[0.508],"y":[0]},"t":91.9,"s":[0]},{"i":{"x":[0.833],"y":[0.833]},"o":{"x":[0.508],"y":[0]},"t":113.5,"s":[4.191]},{"t":136,"s":[0]}],"ix":10},"p":{"a":0,"k":[669.162,360.606,0],"ix":2,"l":2},"a":{"a":0,"k":[669.162,360.606,0],"ix":1,"l":2},"s":{"a":0,"k":[100,100,100],"ix":6,"l":2}},"ao":0,"shapes":[{"ty":"gr","it":[{"ind":0,"ty":"sh","ix":1,"ks":{"a":0,"k":{"i":[[0.146,-4.087],[5.273,0.188],[-0.145,4.086],[-5.272,-0.188]],"o":[[-0.146,4.087],[-5.273,-0.187],[0.146,-4.087],[5.273,0.188]],"v":[[9.547,0.34],[-0.264,7.4],[-9.548,-0.34],[0.263,-7.4]],"c":true},"ix":2},"nm":"Path 1","mn":"ADBE Vector Shape - Group","hd":false},{"ty":"st","c":{"a":0,"k":[0.141176470588,0.121568634931,0.125490196078,1],"ix":3},"o":{"a":0,"k":100,"ix":4},"w":{"a":0,"k":5,"ix":5},"lc":1,"lj":1,"ml":10,"bm":0,"nm":"Stroke 1","mn":"ADBE Vector Graphic - Stroke","hd":false},{"ty":"fl","c":{"a":0,"k":[1,0.505882352941,0.941176530427,1],"ix":4},"o":{"a":0,"k":100,"ix":5},"r":1,"bm":0,"nm":"Fill 1","mn":"ADBE Vector Graphic - Fill","hd":false},{"ty":"tr","p":{"a":0,"k":[684.081,73.383],"ix":2},"a":{"a":0,"k":[0,0],"ix":1},"s":{"a":0,"k":[100,100],"ix":3},"r":{"a":0,"k":0,"ix":6},"o":{"a":0,"k":100,"ix":7},"sk":{"a":0,"k":0,"ix":4},"sa":{"a":0,"k":0,"ix":5},"nm":"Transform"}],"nm":"Group 1","np":3,"cix":2,"bm":0,"ix":1,"mn":"ADBE Vector Group","hd":false},{"ty":"gr","it":[{"ind":0,"ty":"sh","ix":1,"ks":{"a":0,"k":{"i":[[4.853,-0.203],[0.281,0.013],[-0.24,5.228],[0,0],[-5.179,-0.246],[0.24,-5.227],[0,0]],"o":[[-0.278,0.012],[-5.228,-0.24],[0,0],[0.241,-5.227],[5.228,0.239],[0,0],[-0.227,4.943]],"v":[[-6.003,149.162],[-6.844,149.16],[-15.877,139.259],[-3.055,-139.898],[6.844,-148.928],[15.876,-139.028],[3.055,140.13]],"c":true},"ix":2},"nm":"Path 1","mn":"ADBE Vector Shape - Group","hd":false},{"ty":"st","c":{"a":0,"k":[0.141176470588,0.121568634931,0.125490196078,1],"ix":3},"o":{"a":0,"k":100,"ix":4},"w":{"a":0,"k":5,"ix":5},"lc":1,"lj":1,"ml":10,"bm":0,"nm":"Stroke 1","mn":"ADBE Vector Graphic - Stroke","hd":false},{"ty":"fl","c":{"a":0,"k":[1,0,0.027450982262,1],"ix":4},"o":{"a":0,"k":100,"ix":5},"r":1,"bm":0,"nm":"Fill 1","mn":"ADBE Vector Graphic - Fill","hd":false},{"ty":"tr","p":{"a":0,"k":[677.579,214.936],"ix":2},"a":{"a":0,"k":[0,0],"ix":1},"s":{"a":0,"k":[100,100],"ix":3},"r":{"a":0,"k":0,"ix":6},"o":{"a":0,"k":100,"ix":7},"sk":{"a":0,"k":0,"ix":4},"sa":{"a":0,"k":0,"ix":5},"nm":"Transform"}],"nm":"Group 2","np":3,"cix":2,"bm":0,"ix":2,"mn":"ADBE Vector Group","hd":false}],"ip":0,"op":600,"st":0,"bm":0},{"ddd":0,"ind":7,"ty":4,"nm":"CHOPSTICK Outlines","parent":10,"sr":1,"ks":{"o":{"a":0,"k":100,"ix":11},"r":{"a":1,"k":[{"i":{"x":[0.279],"y":[1]},"o":{"x":[0.167],"y":[0.167]},"t":10,"s":[0]},{"i":{"x":[0.279],"y":[1]},"o":{"x":[0.508],"y":[0]},"t":27.1,"s":[-4.532]},{"i":{"x":[0.279],"y":[1]},"o":{"x":[0.508],"y":[0]},"t":48.699,"s":[0]},{"i":{"x":[0.667],"y":[1]},"o":{"x":[0.333],"y":[0]},"t":70.301,"s":[-4.532]},{"i":{"x":[0.279],"y":[1]},"o":{"x":[0.508],"y":[0]},"t":91.9,"s":[0]},{"i":{"x":[0.833],"y":[0.833]},"o":{"x":[0.508],"y":[0]},"t":113.5,"s":[-4.532]},{"t":136,"s":[0]}],"ix":10},"p":{"a":0,"k":[658.673,353.661,0],"ix":2,"l":2},"a":{"a":0,"k":[658.673,353.661,0],"ix":1,"l":2},"s":{"a":0,"k":[100,100,100],"ix":6,"l":2}},"ao":0,"shapes":[{"ty":"gr","it":[{"ind":0,"ty":"sh","ix":1,"ks":{"a":0,"k":{"i":[[2.71,-3.063],[3.951,3.496],[-2.71,3.062],[-3.952,-3.496]],"o":[[-2.71,3.063],[-3.952,-3.497],[2.709,-3.063],[3.951,3.496]],"v":[[7.155,6.33],[-4.906,5.546],[-7.154,-6.33],[4.906,-5.546]],"c":true},"ix":2},"nm":"Path 1","mn":"ADBE Vector Shape - Group","hd":false},{"ty":"st","c":{"a":0,"k":[0.141176470588,0.121568634931,0.125490196078,1],"ix":3},"o":{"a":0,"k":100,"ix":4},"w":{"a":0,"k":5,"ix":5},"lc":1,"lj":1,"ml":10,"bm":0,"nm":"Stroke 1","mn":"ADBE Vector Graphic - Stroke","hd":false},{"ty":"fl","c":{"a":0,"k":[1,0.505882352941,0.941176530427,1],"ix":4},"o":{"a":0,"k":100,"ix":5},"r":1,"bm":0,"nm":"Fill 1","mn":"ADBE Vector Graphic - Fill","hd":false},{"ty":"tr","p":{"a":0,"k":[849.433,142.666],"ix":2},"a":{"a":0,"k":[0,0],"ix":1},"s":{"a":0,"k":[100,100],"ix":3},"r":{"a":0,"k":0,"ix":6},"o":{"a":0,"k":100,"ix":7},"sk":{"a":0,"k":0,"ix":4},"sa":{"a":0,"k":0,"ix":5},"nm":"Transform"}],"nm":"Group 1","np":3,"cix":2,"bm":0,"ix":1,"mn":"ADBE Vector Group","hd":false},{"ty":"gr","it":[{"ind":0,"ty":"sh","ix":1,"ks":{"a":0,"k":{"i":[[3.876,2.927],[0.209,0.19],[-3.507,3.883],[0,0],[-3.842,-3.481],[3.508,-3.883],[0,0]],"o":[[-0.222,-0.168],[-3.884,-3.507],[0,0],[3.508,-3.882],[3.884,3.508],[0,0],[-3.318,3.673]],"v":[[-99.364,111.264],[-100.012,110.727],[-100.693,97.344],[86.629,-110.03],[100.011,-110.71],[100.692,-97.326],[-86.629,110.048]],"c":true},"ix":2},"nm":"Path 1","mn":"ADBE Vector Shape - Group","hd":false},{"ty":"st","c":{"a":0,"k":[0.141176470588,0.121568634931,0.125490196078,1],"ix":3},"o":{"a":0,"k":100,"ix":4},"w":{"a":0,"k":5,"ix":5},"lc":1,"lj":1,"ml":10,"bm":0,"nm":"Stroke 1","mn":"ADBE Vector Graphic - Stroke","hd":false},{"ty":"fl","c":{"a":0,"k":[1,0,0.027450982262,1],"ix":4},"o":{"a":0,"k":100,"ix":5},"r":1,"bm":0,"nm":"Fill 1","mn":"ADBE Vector Graphic - Fill","hd":false},{"ty":"tr","p":{"a":0,"k":[754.374,247.9],"ix":2},"a":{"a":0,"k":[0,0],"ix":1},"s":{"a":0,"k":[100,100],"ix":3},"r":{"a":0,"k":0,"ix":6},"o":{"a":0,"k":100,"ix":7},"sk":{"a":0,"k":0,"ix":4},"sa":{"a":0,"k":0,"ix":5},"nm":"Transform"}],"nm":"Group 2","np":3,"cix":2,"bm":0,"ix":2,"mn":"ADBE Vector Group","hd":false}],"ip":0,"op":600,"st":0,"bm":0},{"ddd":0,"ind":8,"ty":4,"nm":"EYES Outlines","parent":10,"sr":1,"ks":{"o":{"a":0,"k":100,"ix":11},"r":{"a":1,"k":[{"i":{"x":[0.238],"y":[1]},"o":{"x":[0.333],"y":[0]},"t":15,"s":[0]},{"i":{"x":[0.238],"y":[1]},"o":{"x":[0.333],"y":[0]},"t":35,"s":[-17]},{"i":{"x":[0.667],"y":[1]},"o":{"x":[0.623],"y":[0]},"t":80,"s":[-17]},{"t":105,"s":[0]}],"ix":10},"p":{"a":1,"k":[{"i":{"x":0.238,"y":1},"o":{"x":0.333,"y":0},"t":15,"s":[540,540,0],"to":[14.917,3.673,0],"ti":[-14.917,-3.673,0]},{"i":{"x":0.238,"y":0.238},"o":{"x":0.333,"y":0.333},"t":35,"s":[629.5,562.041,0],"to":[0,0,0],"ti":[0,0,0]},{"i":{"x":0.667,"y":1},"o":{"x":0.623,"y":0},"t":80,"s":[629.5,562.041,0],"to":[-14.917,-3.673,0],"ti":[14.917,3.673,0]},{"t":105,"s":[540,540,0]}],"ix":2,"l":2},"a":{"a":0,"k":[540,540,0],"ix":1,"l":2},"s":{"a":0,"k":[100,100,100],"ix":6,"l":2}},"ao":0,"shapes":[{"ty":"gr","it":[{"ind":0,"ty":"sh","ix":1,"ks":{"a":0,"k":{"i":[[3.096,-4.815],[3.675,2.363],[-3.096,4.815],[-3.674,-2.363]],"o":[[-3.096,4.815],[-3.674,-2.362],[3.096,-4.815],[3.674,2.362]],"v":[[6.653,4.277],[-5.606,8.719],[-6.653,-4.278],[5.606,-8.719]],"c":true},"ix":2},"nm":"Path 1","mn":"ADBE Vector Shape - Group","hd":false},{"ty":"fl","c":{"a":0,"k":[0,0,0,1],"ix":4},"o":{"a":0,"k":100,"ix":5},"r":1,"bm":0,"nm":"Fill 1","mn":"ADBE Vector Graphic - Fill","hd":false},{"ty":"tr","p":{"a":0,"k":[505.612,428.055],"ix":2},"a":{"a":0,"k":[0,0],"ix":1},"s":{"a":0,"k":[100,100],"ix":3},"r":{"a":0,"k":0,"ix":6},"o":{"a":0,"k":100,"ix":7},"sk":{"a":0,"k":0,"ix":4},"sa":{"a":0,"k":0,"ix":5},"nm":"Transform"}],"nm":"Group 1","np":2,"cix":2,"bm":0,"ix":1,"mn":"ADBE Vector Group","hd":false},{"ty":"gr","it":[{"ind":0,"ty":"sh","ix":1,"ks":{"a":1,"k":[{"i":{"x":0.142,"y":1},"o":{"x":0.333,"y":0},"t":45,"s":[{"i":[[3.096,-4.815],[3.675,2.363],[-3.096,4.815],[-3.674,-2.363]],"o":[[-3.096,4.815],[-3.674,-2.362],[3.096,-4.815],[3.674,2.362]],"v":[[6.653,4.277],[-5.606,8.719],[-6.653,-4.278],[5.606,-8.719]],"c":true}]},{"i":{"x":0.142,"y":1},"o":{"x":0.843,"y":0},"t":55,"s":[{"i":[[0.499,-0.886],[3.675,2.363],[-0.775,2.226],[-3.674,-2.363]],"o":[[-0.709,1.259],[-3.674,-2.362],[0.722,-0.243],[3.674,2.362]],"v":[[6.653,4.277],[-0.356,1.553],[-6.653,-4.278],[-1.019,-0.673]],"c":true}]},{"i":{"x":0.667,"y":1},"o":{"x":0.843,"y":0},"t":70,"s":[{"i":[[0.499,-0.886],[3.675,2.363],[-0.775,2.226],[-3.674,-2.363]],"o":[[-0.709,1.259],[-3.674,-2.362],[0.722,-0.243],[3.674,2.362]],"v":[[6.653,4.277],[-0.356,1.553],[-6.653,-4.278],[-1.019,-0.673]],"c":true}]},{"t":80,"s":[{"i":[[3.096,-4.815],[3.675,2.363],[-3.096,4.815],[-3.674,-2.363]],"o":[[-3.096,4.815],[-3.674,-2.362],[3.096,-4.815],[3.674,2.362]],"v":[[6.653,4.277],[-5.606,8.719],[-6.653,-4.278],[5.606,-8.719]],"c":true}]}],"ix":2},"nm":"Path 1","mn":"ADBE Vector Shape - Group","hd":false},{"ty":"fl","c":{"a":0,"k":[0,0,0,1],"ix":4},"o":{"a":0,"k":100,"ix":5},"r":1,"bm":0,"nm":"Fill 1","mn":"ADBE Vector Graphic - Fill","hd":false},{"ty":"tr","p":{"a":0,"k":[471.556,407.902],"ix":2},"a":{"a":0,"k":[0,0],"ix":1},"s":{"a":0,"k":[100,100],"ix":3},"r":{"a":0,"k":0,"ix":6},"o":{"a":0,"k":100,"ix":7},"sk":{"a":0,"k":0,"ix":4},"sa":{"a":0,"k":0,"ix":5},"nm":"Transform"}],"nm":"Group 2","np":2,"cix":2,"bm":0,"ix":2,"mn":"ADBE Vector Group","hd":false}],"ip":0,"op":600,"st":0,"bm":0},{"ddd":0,"ind":9,"ty":4,"nm":"MOUTH Outlines","parent":10,"sr":1,"ks":{"o":{"a":0,"k":100,"ix":11},"r":{"a":1,"k":[{"i":{"x":[0.238],"y":[1]},"o":{"x":[0.333],"y":[0]},"t":15,"s":[0]},{"i":{"x":[0.238],"y":[1]},"o":{"x":[0.333],"y":[0]},"t":35,"s":[-17]},{"i":{"x":[0.667],"y":[1]},"o":{"x":[0.623],"y":[0]},"t":80,"s":[-17]},{"t":105,"s":[0]}],"ix":10},"p":{"a":1,"k":[{"i":{"x":0.238,"y":1},"o":{"x":0.333,"y":0},"t":15,"s":[540,540,0],"to":[14.917,3.673,0],"ti":[-14.917,-3.673,0]},{"i":{"x":0.238,"y":0.238},"o":{"x":0.333,"y":0.333},"t":35,"s":[629.5,562.041,0],"to":[0,0,0],"ti":[0,0,0]},{"i":{"x":0.667,"y":1},"o":{"x":0.623,"y":0},"t":80,"s":[629.5,562.041,0],"to":[-14.917,-3.673,0],"ti":[14.917,3.673,0]},{"t":105,"s":[540,540,0]}],"ix":2,"l":2},"a":{"a":0,"k":[540,540,0],"ix":1,"l":2},"s":{"a":0,"k":[100,100,100],"ix":6,"l":2}},"ao":0,"shapes":[{"ty":"gr","it":[{"ind":0,"ty":"sh","ix":1,"ks":{"a":1,"k":[{"i":{"x":0.126,"y":1},"o":{"x":0.552,"y":0},"t":35,"s":[{"i":[[3.937,-6.124],[3.674,2.363],[-3.937,6.124],[-3.674,-2.363]],"o":[[-3.937,6.124],[-3.674,-2.362],[3.938,-6.124],[3.675,2.362]],"v":[[6.653,4.277],[-7.129,11.088],[-6.653,-4.278],[7.129,-11.088]],"c":true}]},{"i":{"x":0.126,"y":1},"o":{"x":0.167,"y":0},"t":45,"s":[{"i":[[2.321,-4.413],[3.674,2.363],[-3.431,6.421],[-3.674,-2.363]],"o":[[-3.389,6.443],[-3.674,-2.362],[2.213,-4.14],[3.675,2.362]],"v":[[12.721,6.661],[-7.129,11.088],[-11.47,-7.335],[2.522,-4.57]],"c":true}]},{"i":{"x":0.395,"y":1},"o":{"x":0.745,"y":0},"t":95,"s":[{"i":[[2.321,-4.413],[3.674,2.363],[-3.431,6.421],[-3.674,-2.363]],"o":[[-3.389,6.443],[-3.674,-2.362],[2.213,-4.14],[3.675,2.362]],"v":[[12.721,6.661],[-7.129,11.088],[-11.47,-7.335],[2.522,-4.57]],"c":true}]},{"t":105,"s":[{"i":[[3.937,-6.124],[3.674,2.363],[-3.937,6.124],[-3.674,-2.363]],"o":[[-3.937,6.124],[-3.674,-2.362],[3.938,-6.124],[3.675,2.362]],"v":[[6.653,4.277],[-7.129,11.088],[-6.653,-4.278],[7.129,-11.088]],"c":true}]}],"ix":2},"nm":"Path 1","mn":"ADBE Vector Shape - Group","hd":false},{"ty":"fl","c":{"a":0,"k":[0,0,0,1],"ix":4},"o":{"a":0,"k":100,"ix":5},"r":1,"bm":0,"nm":"Fill 1","mn":"ADBE Vector Graphic - Fill","hd":false},{"ty":"tr","p":{"a":0,"k":[464.384,454.561],"ix":2},"a":{"a":0,"k":[0,0],"ix":1},"s":{"a":0,"k":[100,100],"ix":3},"r":{"a":0,"k":0,"ix":6},"o":{"a":0,"k":100,"ix":7},"sk":{"a":0,"k":0,"ix":4},"sa":{"a":0,"k":0,"ix":5},"nm":"Transform"}],"nm":"Group 1","np":2,"cix":2,"bm":0,"ix":1,"mn":"ADBE Vector Group","hd":false}],"ip":0,"op":600,"st":0,"bm":0},{"ddd":0,"ind":10,"ty":4,"nm":"BODY Outlines","sr":1,"ks":{"o":{"a":0,"k":100,"ix":11},"r":{"a":0,"k":0,"ix":10},"p":{"a":1,"k":[{"i":{"x":0.667,"y":1},"o":{"x":0.167,"y":0.167},"t":0,"s":[540,546.536,0],"to":[0,1.833,0],"ti":[0,0,0]},{"i":{"x":0.667,"y":1},"o":{"x":0.333,"y":0},"t":16.25,"s":[540,557.536,0],"to":[0,0,0],"ti":[0,0,0]},{"i":{"x":0.667,"y":1},"o":{"x":0.333,"y":0},"t":32.5,"s":[540,546.536,0],"to":[0,0,0],"ti":[0,0,0]},{"i":{"x":0.833,"y":0.872},"o":{"x":0.333,"y":0},"t":48.836,"s":[540,557.536,0],"to":[0,0,0],"ti":[0,0,0]},{"i":{"x":0.667,"y":1},"o":{"x":0.167,"y":0.129},"t":65,"s":[540,546.536,0],"to":[0,0,0],"ti":[0,0,0]},{"i":{"x":0.667,"y":1},"o":{"x":0.333,"y":0},"t":81.25,"s":[540,557.536,0],"to":[0,0,0],"ti":[0,0,0]},{"i":{"x":0.667,"y":1},"o":{"x":0.333,"y":0},"t":97.5,"s":[540,546.536,0],"to":[0,0,0],"ti":[0,0,0]},{"i":{"x":0.833,"y":0.833},"o":{"x":0.333,"y":0},"t":113.836,"s":[540,557.536,0],"to":[0,0,0],"ti":[0,1.833,0]},{"t":130,"s":[540,546.536,0]}],"ix":2,"l":2},"a":{"a":0,"k":[540,540,0],"ix":1,"l":2},"s":{"a":1,"k":[{"i":{"x":[0.667,0.667,0.667],"y":[1,1,1]},"o":{"x":[0.167,0.167,0.167],"y":[0,0.167,0]},"t":0,"s":[100,100,100]},{"i":{"x":[0.667,0.667,0.667],"y":[1,1,1]},"o":{"x":[0.333,0.333,0.333],"y":[0,0,0]},"t":16.25,"s":[100,97,100]},{"i":{"x":[0.667,0.667,0.667],"y":[1,1,1]},"o":{"x":[0.333,0.333,0.333],"y":[0,0,0]},"t":32.5,"s":[100,100,100]},{"i":{"x":[0.833,0.833,0.833],"y":[1,0.872,1]},"o":{"x":[0.333,0.333,0.333],"y":[0,0,0]},"t":48.75,"s":[100,97,100]},{"i":{"x":[0.667,0.667,0.667],"y":[1,1,1]},"o":{"x":[0.167,0.167,0.167],"y":[0,-0.128,0]},"t":65,"s":[100,100,100]},{"i":{"x":[0.667,0.667,0.667],"y":[1,1,1]},"o":{"x":[0.333,0.333,0.333],"y":[0,0,0]},"t":81.25,"s":[100,97,100]},{"i":{"x":[0.667,0.667,0.667],"y":[1,1,1]},"o":{"x":[0.333,0.333,0.333],"y":[0,0,0]},"t":97.5,"s":[100,100,100]},{"i":{"x":[0.833,0.833,0.833],"y":[1,0.833,1]},"o":{"x":[0.333,0.333,0.333],"y":[0,0,0]},"t":113.75,"s":[100,97,100]},{"t":130,"s":[100,100,100]}],"ix":6,"l":2}},"ao":0,"shapes":[{"ty":"gr","it":[{"ind":0,"ty":"sh","ix":1,"ks":{"a":0,"k":{"i":[[8.636,-21.503],[77.616,31.171],[-8.636,21.503],[-77.616,-31.17]],"o":[[-8.636,21.503],[-77.617,-31.17],[8.636,-21.504],[77.617,31.171]],"v":[[140.537,56.439],[-15.636,38.935],[-140.537,-56.439],[15.636,-38.936]],"c":true},"ix":2},"nm":"Path 1","mn":"ADBE Vector Shape - Group","hd":false},{"ty":"st","c":{"a":0,"k":[0,0,0,1],"ix":3},"o":{"a":0,"k":100,"ix":4},"w":{"a":0,"k":5,"ix":5},"lc":1,"lj":1,"ml":10,"bm":0,"nm":"Stroke 1","mn":"ADBE Vector Graphic - Stroke","hd":false},{"ty":"fl","c":{"a":0,"k":[1,1,1,1],"ix":4},"o":{"a":0,"k":100,"ix":5},"r":1,"bm":0,"nm":"Fill 1","mn":"ADBE Vector Graphic - Fill","hd":false},{"ty":"tr","p":{"a":0,"k":[609.381,331.776],"ix":2},"a":{"a":0,"k":[0,0],"ix":1},"s":{"a":0,"k":[100,100],"ix":3},"r":{"a":0,"k":0,"ix":6},"o":{"a":0,"k":100,"ix":7},"sk":{"a":0,"k":0,"ix":4},"sa":{"a":0,"k":0,"ix":5},"nm":"Transform"}],"nm":"Group 1","np":3,"cix":2,"bm":0,"ix":1,"mn":"ADBE Vector Group","hd":false},{"ty":"gr","it":[{"ind":0,"ty":"sh","ix":1,"ks":{"a":0,"k":{"i":[[0,0],[-390.574,28.685]],"o":[[0,0],[0,0]],"v":[[-243.667,-123.76],[243.667,95.076]],"c":false},"ix":2},"nm":"Path 1","mn":"ADBE Vector Shape - Group","hd":false},{"ty":"st","c":{"a":0,"k":[0.22745098039215686,0.5254901960784314,1,1],"ix":3},"o":{"a":0,"k":100,"ix":4},"w":{"a":0,"k":6,"ix":5},"lc":2,"lj":1,"ml":10,"bm":0,"nm":"Stroke 1","mn":"ADBE Vector Graphic - Stroke","hd":false},{"ty":"tr","p":{"a":0,"k":[518.126,596.77],"ix":2},"a":{"a":0,"k":[0,0],"ix":1},"s":{"a":0,"k":[100,100],"ix":3},"r":{"a":0,"k":0,"ix":6},"o":{"a":0,"k":100,"ix":7},"sk":{"a":0,"k":0,"ix":4},"sa":{"a":0,"k":0,"ix":5},"nm":"Transform"}],"nm":"Group 2","np":2,"cix":2,"bm":0,"ix":2,"mn":"ADBE Vector Group","hd":false},{"ty":"gr","it":[{"ind":0,"ty":"sh","ix":1,"ks":{"a":0,"k":{"i":[[0,0],[-390.574,28.685]],"o":[[0,0],[0,0]],"v":[[-250.77,-124.732],[250.771,96.048]],"c":false},"ix":2},"nm":"Path 1","mn":"ADBE Vector Shape - Group","hd":false},{"ty":"st","c":{"a":0,"k":[0.22745098039215686,0.5254901960784314,1,1],"ix":3},"o":{"a":0,"k":100,"ix":4},"w":{"a":0,"k":15,"ix":5},"lc":2,"lj":1,"ml":10,"bm":0,"nm":"Stroke 1","mn":"ADBE Vector Graphic - Stroke","hd":false},{"ty":"tr","p":{"a":0,"k":[509.885,616.817],"ix":2},"a":{"a":0,"k":[0,0],"ix":1},"s":{"a":0,"k":[100,100],"ix":3},"r":{"a":0,"k":0,"ix":6},"o":{"a":0,"k":100,"ix":7},"sk":{"a":0,"k":0,"ix":4},"sa":{"a":0,"k":0,"ix":5},"nm":"Transform"}],"nm":"Group 3","np":2,"cix":2,"bm":0,"ix":3,"mn":"ADBE Vector Group","hd":false},{"ty":"gr","it":[{"ind":0,"ty":"sh","ix":1,"ks":{"a":0,"k":{"i":[[-13.206,-22.626],[-313.627,1.409],[1.736,32.969],[0,0],[0,0],[0,0]],"o":[[42.961,73.609],[33.015,-0.148],[0,0],[0,0],[0,0],[-18.547,18.503]],"v":[[-263.776,41.492],[217.803,260.312],[275.246,199.382],[257.141,-144.489],[-20.599,-261.72],[-254.5,-28.367]],"c":true},"ix":2},"nm":"Path 1","mn":"ADBE Vector Shape - Group","hd":false},{"ty":"st","c":{"a":0,"k":[0,0,0,1],"ix":3},"o":{"a":0,"k":100,"ix":4},"w":{"a":0,"k":5,"ix":5},"lc":1,"lj":1,"ml":10,"bm":0,"nm":"Stroke 1","mn":"ADBE Vector Graphic - Stroke","hd":false},{"ty":"fl","c":{"a":0,"k":[0.9921568627450981,0.5372549019607843,1,1],"ix":4},"o":{"a":0,"k":100,"ix":5},"r":1,"bm":0,"nm":"Fill 1","mn":"ADBE Vector Graphic - Fill","hd":false},{"ty":"tr","p":{"a":0,"k":[493.448,530.697],"ix":2},"a":{"a":0,"k":[0,0],"ix":1},"s":{"a":0,"k":[100,100],"ix":3},"r":{"a":0,"k":0,"ix":6},"o":{"a":0,"k":100,"ix":7},"sk":{"a":0,"k":0,"ix":4},"sa":{"a":0,"k":0,"ix":5},"nm":"Transform"}],"nm":"Group 4","np":3,"cix":2,"bm":0,"ix":4,"mn":"ADBE Vector Group","hd":false}],"ip":0,"op":600,"st":0,"bm":0},{"ddd":0,"ind":11,"ty":4,"nm":"SHADOW","parent":10,"sr":1,"ks":{"o":{"a":0,"k":100,"ix":11},"r":{"a":0,"k":-11.797,"ix":10},"p":{"a":0,"k":[411.125,725.855,0],"ix":2,"l":2},"a":{"a":0,"k":[-214.875,154.703,0],"ix":1,"l":2},"s":{"a":0,"k":[100,101.207,100],"ix":6,"l":2}},"ao":0,"shapes":[{"ty":"gr","it":[{"ind":0,"ty":"sh","ix":1,"ks":{"a":1,"k":[{"i":{"x":0.833,"y":0.833},"o":{"x":0.62,"y":0},"t":70,"s":[{"i":[[0,0],[12.45,-25.514],[-67.639,-1.759]],"o":[[0,0],[21.916,22.74],[-1.25,1.5]],"v":[[-217,125.5],[-270.24,160.321],[-143.127,190.79]],"c":true}]},{"i":{"x":0.833,"y":1},"o":{"x":0.167,"y":0.167},"t":80,"s":[{"i":[[0,0],[15.12,-22.021],[-67.639,-1.759]],"o":[[0,0],[21.916,22.74],[-1.25,1.5]],"v":[[-217,125.5],[-268.833,163.346],[-140.547,193.129]],"c":true}]},{"i":{"x":0.833,"y":0.833},"o":{"x":0.167,"y":0},"t":90,"s":[{"i":[[0,0],[22.654,-12.165],[-67.639,-1.759]],"o":[[0,0],[21.916,22.74],[-1.25,1.5]],"v":[[-217,125.5],[-280.622,158.69],[-133.268,199.73]],"c":true}]},{"i":{"x":0.833,"y":0.833},"o":{"x":0.167,"y":0.167},"t":100,"s":[{"i":[[0,0],[20.429,-15.076],[-67.639,-1.759]],"o":[[0,0],[21.916,22.74],[-1.25,1.5]],"v":[[-217,125.5],[-278.784,157.857],[-135.418,197.78]],"c":true}]},{"i":{"x":0.833,"y":0.833},"o":{"x":0.167,"y":0.167},"t":111,"s":[{"i":[[0,0],[17.246,-19.24],[-67.639,-1.759]],"o":[[0,0],[21.916,22.74],[-1.25,1.5]],"v":[[-217,125.5],[-272.516,162.947],[-138.493,194.992]],"c":true}]},{"i":{"x":0.833,"y":0.833},"o":{"x":0.167,"y":0.167},"t":116,"s":[{"i":[[0,0],[15.829,-21.093],[-67.639,-1.759]],"o":[[0,0],[21.916,22.74],[-1.25,1.5]],"v":[[-217,125.5],[-267.563,164.874],[-139.862,193.751]],"c":true}]},{"i":{"x":0.833,"y":1},"o":{"x":0.167,"y":0.167},"t":123,"s":[{"i":[[0,0],[13.929,-23.58],[-67.639,-1.759]],"o":[[0,0],[21.916,22.74],[-1.25,1.5]],"v":[[-217,125.5],[-270.418,160.238],[-141.698,192.085]],"c":true}]},{"t":130,"s":[{"i":[[0,0],[12.45,-25.514],[-67.639,-1.759]],"o":[[0,0],[21.916,22.74],[-1.25,1.5]],"v":[[-217,125.5],[-270.24,160.321],[-143.127,190.79]],"c":true}]}],"ix":2},"nm":"Path 1","mn":"ADBE Vector Shape - Group","hd":false},{"ty":"st","c":{"a":0,"k":[0,0,0,1],"ix":3},"o":{"a":0,"k":100,"ix":4},"w":{"a":0,"k":0,"ix":5},"lc":1,"lj":1,"ml":4,"bm":0,"nm":"Stroke 1","mn":"ADBE Vector Graphic - Stroke","hd":false},{"ty":"fl","c":{"a":0,"k":[0,0,0,1],"ix":4},"o":{"a":0,"k":100,"ix":5},"r":1,"bm":0,"nm":"Fill 1","mn":"ADBE Vector Graphic - Fill","hd":false},{"ty":"tr","p":{"a":0,"k":[0,0],"ix":2},"a":{"a":0,"k":[0,0],"ix":1},"s":{"a":0,"k":[100,100],"ix":3},"r":{"a":0,"k":0,"ix":6},"o":{"a":0,"k":100,"ix":7},"sk":{"a":0,"k":0,"ix":4},"sa":{"a":0,"k":0,"ix":5},"nm":"Transform"}],"nm":"Shape 1","np":3,"cix":2,"bm":0,"ix":1,"mn":"ADBE Vector Group","hd":false}],"ip":0,"op":600,"st":0,"bm":0},{"ddd":0,"ind":12,"ty":4,"nm":"L_LEG 2","parent":10,"sr":1,"ks":{"o":{"a":0,"k":100,"ix":11},"r":{"a":0,"k":0,"ix":10},"p":{"a":0,"k":[639,566.464,0],"ix":2,"l":2},"a":{"a":0,"k":[0,0,0],"ix":1,"l":2},"s":{"a":0,"k":[100,100,100],"ix":6,"l":2}},"ao":0,"shapes":[{"ty":"gr","it":[{"ind":0,"ty":"sh","ix":1,"ks":{"a":1,"k":[{"i":{"x":0.217,"y":1},"o":{"x":0.537,"y":0},"t":70,"s":[{"i":[[0,0],[2.5,-57.5],[0,0]],"o":[[0,0],[-1.866,42.913],[0,0]],"v":[[-111,158],[-254,198],[-166,253.5]],"c":false}]},{"i":{"x":0.37,"y":1},"o":{"x":1,"y":0},"t":90,"s":[{"i":[[0,0],[49.965,-23.061],[0,0]],"o":[[0,0],[-39,18],[0,0]],"v":[[-111,158],[-235,176],[-304,236.5]],"c":false}]},{"t":130,"s":[{"i":[[0,0],[2.5,-57.5],[0,0]],"o":[[0,0],[-1.866,42.913],[0,0]],"v":[[-111,158],[-254,198],[-166,253.5]],"c":false}]}],"ix":2},"nm":"Path 1","mn":"ADBE Vector Shape - Group","hd":false},{"ty":"st","c":{"a":0,"k":[0.32941176470588235,0.5882352941176471,1,1],"ix":3},"o":{"a":0,"k":100,"ix":4},"w":{"a":0,"k":61,"ix":5},"lc":2,"lj":2,"bm":0,"nm":"Stroke 1","mn":"ADBE Vector Graphic - Stroke","hd":false},{"ty":"tr","p":{"a":0,"k":[0,0],"ix":2},"a":{"a":0,"k":[0,0],"ix":1},"s":{"a":0,"k":[100,100],"ix":3},"r":{"a":0,"k":0,"ix":6},"o":{"a":0,"k":100,"ix":7},"sk":{"a":0,"k":0,"ix":4},"sa":{"a":0,"k":0,"ix":5},"nm":"Transform"}],"nm":"Shape 3","np":2,"cix":2,"bm":0,"ix":1,"mn":"ADBE Vector Group","hd":false},{"ty":"gr","it":[{"ind":0,"ty":"sh","ix":1,"ks":{"a":1,"k":[{"i":{"x":0.217,"y":1},"o":{"x":0.537,"y":0},"t":70,"s":[{"i":[[0,0],[2.5,-57.5],[0,0]],"o":[[0,0],[-1.866,42.913],[0,0]],"v":[[-111,158],[-254,198],[-166,253.5]],"c":false}]},{"i":{"x":0.37,"y":1},"o":{"x":1,"y":0},"t":90,"s":[{"i":[[0,0],[49.965,-23.061],[0,0]],"o":[[0,0],[-39,18],[0,0]],"v":[[-111,158],[-235,176],[-304,236.5]],"c":false}]},{"t":130,"s":[{"i":[[0,0],[2.5,-57.5],[0,0]],"o":[[0,0],[-1.866,42.913],[0,0]],"v":[[-111,158],[-254,198],[-166,253.5]],"c":false}]}],"ix":2},"nm":"Path 1","mn":"ADBE Vector Shape - Group","hd":false},{"ty":"st","c":{"a":0,"k":[0,0,0,1],"ix":3},"o":{"a":0,"k":100,"ix":4},"w":{"a":0,"k":70,"ix":5},"lc":2,"lj":2,"bm":0,"nm":"Stroke 1","mn":"ADBE Vector Graphic - Stroke","hd":false},{"ty":"tr","p":{"a":0,"k":[0,0],"ix":2},"a":{"a":0,"k":[0,0],"ix":1},"s":{"a":0,"k":[100,100],"ix":3},"r":{"a":0,"k":0,"ix":6},"o":{"a":0,"k":100,"ix":7},"sk":{"a":0,"k":0,"ix":4},"sa":{"a":0,"k":0,"ix":5},"nm":"Transform"}],"nm":"Shape 2","np":2,"cix":2,"bm":0,"ix":2,"mn":"ADBE Vector Group","hd":false}],"ip":0,"op":600,"st":0,"bm":0},{"ddd":0,"ind":13,"ty":4,"nm":"L_FEET 3","parent":12,"sr":1,"ks":{"o":{"a":0,"k":100,"ix":11},"r":{"a":1,"k":[{"i":{"x":[0.217],"y":[1]},"o":{"x":[0.537],"y":[0]},"t":70,"s":[-120.877]},{"i":{"x":[0.377],"y":[1]},"o":{"x":[1],"y":[0]},"t":90,"s":[0]},{"t":130,"s":[-120.877]}],"ix":10},"p":{"a":1,"k":[{"i":{"x":0.217,"y":1},"o":{"x":0.537,"y":0},"t":70,"s":[-146.242,245.432,0],"to":[-29,3,0],"ti":[0,0,0]},{"i":{"x":0.365,"y":1},"o":{"x":1,"y":0},"t":90,"s":[-320.242,263.432,0],"to":[0,0,0],"ti":[0,0,0]},{"t":130,"s":[-146.242,245.432,0]}],"ix":2,"l":2},"a":{"a":0,"k":[220.258,800.961,0],"ix":1,"l":2},"s":{"a":0,"k":[100,100,100],"ix":6,"l":2}},"ao":0,"shapes":[{"ty":"gr","it":[{"ind":0,"ty":"sh","ix":1,"ks":{"a":1,"k":[{"i":{"x":0.206,"y":1},"o":{"x":0.333,"y":0},"t":70,"s":[{"i":[[-49.488,1.118],[13.625,-61.869],[-18.229,-41.312],[-26,3.882],[-9.5,43.082]],"o":[[-12.528,-2.27],[-1.875,22.042],[31,56.483],[-96.693,6.569],[9.5,-43.082]],"v":[[158.985,650.59],[83.375,707.85],[98.375,783.495],[214.25,846.866],[83.714,716.045]],"c":true}]},{"i":{"x":0.265,"y":1},"o":{"x":0.806,"y":0},"t":90,"s":[{"i":[[12.415,15.859],[13.625,-61.869],[-18.229,-41.312],[-26,3.882],[-9.5,43.082]],"o":[[-15,-19.162],[-1.875,22.042],[31,56.483],[-42.5,-7.514],[9.5,-43.082]],"v":[[164,656.502],[83.375,707.85],[98.375,783.495],[214.25,846.866],[132,718.119]],"c":true}]},{"t":130,"s":[{"i":[[-49.488,1.118],[13.625,-61.869],[-18.229,-41.312],[-26,3.882],[-9.5,43.082]],"o":[[-12.528,-2.27],[-1.875,22.042],[31,56.483],[-96.693,6.569],[9.5,-43.082]],"v":[[158.985,650.59],[83.375,707.85],[98.375,783.495],[214.25,846.866],[83.714,716.045]],"c":true}]}],"ix":2},"nm":"Path 1","mn":"ADBE Vector Shape - Group","hd":false},{"ty":"st","c":{"a":0,"k":[0,0,0,1],"ix":3},"o":{"a":0,"k":100,"ix":4},"w":{"a":0,"k":5,"ix":5},"lc":1,"lj":1,"ml":4,"bm":0,"nm":"Stroke 1","mn":"ADBE Vector Graphic - Stroke","hd":false},{"ty":"fl","c":{"a":0,"k":[1,1,1,1],"ix":4},"o":{"a":0,"k":100,"ix":5},"r":1,"bm":0,"nm":"Fill 1","mn":"ADBE Vector Graphic - Fill","hd":false},{"ty":"tr","p":{"a":0,"k":[0,0],"ix":2},"a":{"a":0,"k":[0,0],"ix":1},"s":{"a":0,"k":[100,100],"ix":3},"r":{"a":0,"k":0,"ix":6},"o":{"a":0,"k":100,"ix":7},"sk":{"a":0,"k":0,"ix":4},"sa":{"a":0,"k":0,"ix":5},"nm":"Transform"}],"nm":"Shape 1","np":3,"cix":2,"bm":0,"ix":1,"mn":"ADBE Vector Group","hd":false},{"ty":"gr","it":[{"ind":0,"ty":"sh","ix":1,"ks":{"a":0,"k":{"i":[[-17.408,-28.875],[53.461,7.1],[19.852,37.878],[-52.736,24.55],[-5.163,-33.382]],"o":[[7.823,9.564],[-49.268,-6.543],[-19.852,-37.879],[71.315,-33.199],[5.163,33.382]],"v":[[-128.965,-48.623],[-191.128,-0.429],[-286.421,-70.477],[-260.005,-195.057],[-169.477,-103.887]],"c":true},"ix":2},"nm":"Path 1","mn":"ADBE Vector Shape - Group","hd":false},{"ty":"fl","c":{"a":0,"k":[0,0,0,1],"ix":4},"o":{"a":0,"k":100,"ix":5},"r":1,"bm":0,"nm":"Fill 1","mn":"ADBE Vector Graphic - Fill","hd":false},{"ty":"tr","p":{"a":0,"k":[382.304,849.916],"ix":2},"a":{"a":0,"k":[0,0],"ix":1},"s":{"a":0,"k":[100,100],"ix":3},"r":{"a":0,"k":0,"ix":6},"o":{"a":0,"k":100,"ix":7},"sk":{"a":0,"k":0,"ix":4},"sa":{"a":0,"k":0,"ix":5},"nm":"Transform"}],"nm":"Group 3","np":2,"cix":2,"bm":0,"ix":2,"mn":"ADBE Vector Group","hd":false}],"ip":0,"op":600,"st":0,"bm":0},{"ddd":0,"ind":14,"ty":4,"nm":"SHADOW","parent":10,"sr":1,"ks":{"o":{"a":0,"k":100,"ix":11},"r":{"a":0,"k":0,"ix":10},"p":{"a":0,"k":[540,528.96,0],"ix":2,"l":2},"a":{"a":0,"k":[0,0,0],"ix":1,"l":2},"s":{"a":0,"k":[100,101.207,100],"ix":6,"l":2}},"ao":0,"shapes":[{"ty":"gr","it":[{"ind":0,"ty":"sh","ix":1,"ks":{"a":1,"k":[{"i":{"x":0.833,"y":0.833},"o":{"x":0.62,"y":0},"t":5,"s":[{"i":[[0,0],[17,-19.125],[-72.75,1.5]],"o":[[0,0],[23,18],[-1.25,1.5]],"v":[[-217,125.5],[-271,157.875],[-158.75,183.75]],"c":true}]},{"i":{"x":0.304,"y":1},"o":{"x":0.167,"y":0.167},"t":16,"s":[{"i":[[0,0],[17,-19.125],[-72.75,1.5]],"o":[[0,0],[27.284,22.335],[-1.25,1.5]],"v":[[-207.542,135.081],[-263.99,164.293],[-152.936,187.524]],"c":true}]},{"i":{"x":0.833,"y":0.833},"o":{"x":0.63,"y":0},"t":30,"s":[{"i":[[0,0],[17,-19.125],[-72.75,1.5]],"o":[[0,0],[33.5,28.625],[-1.25,1.5]],"v":[[-208.5,137.972],[-268.5,162.597],[-144.5,193]],"c":true}]},{"i":{"x":0.336,"y":1},"o":{"x":0.167,"y":0.167},"t":50,"s":[{"i":[[0,0],[17,-19.125],[-72.75,1.5]],"o":[[0,0],[27.869,22.927],[-1.25,1.5]],"v":[[-209.808,135.866],[-266.591,164.647],[-152.142,188.039]],"c":true}]},{"t":70,"s":[{"i":[[0,0],[17,-19.125],[-72.75,1.5]],"o":[[0,0],[23,18],[-1.25,1.5]],"v":[[-217,125.5],[-271,157.875],[-158.75,183.75]],"c":true}]}],"ix":2},"nm":"Path 1","mn":"ADBE Vector Shape - Group","hd":false},{"ty":"st","c":{"a":0,"k":[0,0,0,1],"ix":3},"o":{"a":0,"k":100,"ix":4},"w":{"a":0,"k":0,"ix":5},"lc":1,"lj":1,"ml":4,"bm":0,"nm":"Stroke 1","mn":"ADBE Vector Graphic - Stroke","hd":false},{"ty":"fl","c":{"a":0,"k":[0,0,0,1],"ix":4},"o":{"a":0,"k":100,"ix":5},"r":1,"bm":0,"nm":"Fill 1","mn":"ADBE Vector Graphic - Fill","hd":false},{"ty":"tr","p":{"a":0,"k":[0,0],"ix":2},"a":{"a":0,"k":[0,0],"ix":1},"s":{"a":0,"k":[100,100],"ix":3},"r":{"a":0,"k":0,"ix":6},"o":{"a":0,"k":100,"ix":7},"sk":{"a":0,"k":0,"ix":4},"sa":{"a":0,"k":0,"ix":5},"nm":"Transform"}],"nm":"Shape 1","np":3,"cix":2,"bm":0,"ix":1,"mn":"ADBE Vector Group","hd":false}],"ip":0,"op":600,"st":0,"bm":0},{"ddd":0,"ind":15,"ty":4,"nm":"L_LEG","parent":10,"sr":1,"ks":{"o":{"a":0,"k":100,"ix":11},"r":{"a":0,"k":0,"ix":10},"p":{"a":0,"k":[540,533.464,0],"ix":2,"l":2},"a":{"a":0,"k":[0,0,0],"ix":1,"l":2},"s":{"a":0,"k":[100,100,100],"ix":6,"l":2}},"ao":0,"shapes":[{"ty":"gr","it":[{"ind":0,"ty":"sh","ix":1,"ks":{"a":1,"k":[{"i":{"x":0.217,"y":1},"o":{"x":0.537,"y":0},"t":5,"s":[{"i":[[0,0],[2.5,-57.5],[0,0]],"o":[[0,0],[-1.866,42.913],[0,0]],"v":[[-111,158],[-254,198],[-166,253.5]],"c":false}]},{"i":{"x":0.37,"y":1},"o":{"x":1,"y":0},"t":30,"s":[{"i":[[0,0],[49.965,-23.061],[0,0]],"o":[[0,0],[-39,18],[0,0]],"v":[[-111,158],[-235,176],[-304,236.5]],"c":false}]},{"t":70,"s":[{"i":[[0,0],[2.5,-57.5],[0,0]],"o":[[0,0],[-1.866,42.913],[0,0]],"v":[[-111,158],[-254,198],[-166,253.5]],"c":false}]}],"ix":2},"nm":"Path 1","mn":"ADBE Vector Shape - Group","hd":false},{"ty":"st","c":{"a":0,"k":[0.22745098039215686,0.5254901960784314,1,1],"ix":3},"o":{"a":0,"k":100,"ix":4},"w":{"a":0,"k":61,"ix":5},"lc":2,"lj":2,"bm":0,"nm":"Stroke 1","mn":"ADBE Vector Graphic - Stroke","hd":false},{"ty":"tr","p":{"a":0,"k":[0,0],"ix":2},"a":{"a":0,"k":[0,0],"ix":1},"s":{"a":0,"k":[100,100],"ix":3},"r":{"a":0,"k":0,"ix":6},"o":{"a":0,"k":100,"ix":7},"sk":{"a":0,"k":0,"ix":4},"sa":{"a":0,"k":0,"ix":5},"nm":"Transform"}],"nm":"Shape 3","np":2,"cix":2,"bm":0,"ix":1,"mn":"ADBE Vector Group","hd":false},{"ty":"gr","it":[{"ind":0,"ty":"sh","ix":1,"ks":{"a":1,"k":[{"i":{"x":0.217,"y":1},"o":{"x":0.537,"y":0},"t":5,"s":[{"i":[[0,0],[2.5,-57.5],[0,0]],"o":[[0,0],[-1.866,42.913],[0,0]],"v":[[-111,158],[-254,198],[-166,253.5]],"c":false}]},{"i":{"x":0.37,"y":1},"o":{"x":1,"y":0},"t":30,"s":[{"i":[[0,0],[49.965,-23.061],[0,0]],"o":[[0,0],[-39,18],[0,0]],"v":[[-111,158],[-235,176],[-304,236.5]],"c":false}]},{"t":70,"s":[{"i":[[0,0],[2.5,-57.5],[0,0]],"o":[[0,0],[-1.866,42.913],[0,0]],"v":[[-111,158],[-254,198],[-166,253.5]],"c":false}]}],"ix":2},"nm":"Path 1","mn":"ADBE Vector Shape - Group","hd":false},{"ty":"st","c":{"a":0,"k":[0,0,0,1],"ix":3},"o":{"a":0,"k":100,"ix":4},"w":{"a":0,"k":70,"ix":5},"lc":2,"lj":2,"bm":0,"nm":"Stroke 1","mn":"ADBE Vector Graphic - Stroke","hd":false},{"ty":"tr","p":{"a":0,"k":[0,0],"ix":2},"a":{"a":0,"k":[0,0],"ix":1},"s":{"a":0,"k":[100,100],"ix":3},"r":{"a":0,"k":0,"ix":6},"o":{"a":0,"k":100,"ix":7},"sk":{"a":0,"k":0,"ix":4},"sa":{"a":0,"k":0,"ix":5},"nm":"Transform"}],"nm":"Shape 2","np":2,"cix":2,"bm":0,"ix":2,"mn":"ADBE Vector Group","hd":false}],"ip":0,"op":600,"st":0,"bm":0},{"ddd":0,"ind":16,"ty":4,"nm":"L_FEET","parent":15,"sr":1,"ks":{"o":{"a":0,"k":100,"ix":11},"r":{"a":1,"k":[{"i":{"x":[0.217],"y":[1]},"o":{"x":[0.537],"y":[0]},"t":5,"s":[-120.877]},{"i":{"x":[0.377],"y":[1]},"o":{"x":[1],"y":[0]},"t":30,"s":[0]},{"t":70,"s":[-120.877]}],"ix":10},"p":{"a":1,"k":[{"i":{"x":0.217,"y":1},"o":{"x":0.537,"y":0},"t":5,"s":[-145.742,242.961,0],"to":[-29,3,0],"ti":[0,0,0]},{"i":{"x":0.365,"y":1},"o":{"x":1,"y":0},"t":30,"s":[-319.742,260.961,0],"to":[0,0,0],"ti":[0,0,0]},{"t":70,"s":[-145.742,242.961,0]}],"ix":2,"l":2},"a":{"a":0,"k":[220.258,800.961,0],"ix":1,"l":2},"s":{"a":0,"k":[100,100,100],"ix":6,"l":2}},"ao":0,"shapes":[{"ty":"gr","it":[{"ind":0,"ty":"sh","ix":1,"ks":{"a":1,"k":[{"i":{"x":0.206,"y":1},"o":{"x":0.333,"y":0},"t":5,"s":[{"i":[[-49.488,1.118],[13.625,-61.869],[-18.229,-41.312],[-26,3.882],[-9.5,43.082]],"o":[[-12.528,-2.27],[-1.875,22.042],[31,56.483],[-96.693,6.569],[9.5,-43.082]],"v":[[158.985,650.59],[83.375,707.85],[98.375,783.495],[214.25,846.866],[83.714,716.045]],"c":true}]},{"i":{"x":0.265,"y":1},"o":{"x":0.806,"y":0},"t":30,"s":[{"i":[[12.415,15.859],[13.625,-61.869],[-18.229,-41.312],[-26,3.882],[-9.5,43.082]],"o":[[-15,-19.162],[-1.875,22.042],[31,56.483],[-42.5,-7.514],[9.5,-43.082]],"v":[[164,656.502],[83.375,707.85],[98.375,783.495],[214.25,846.866],[132,718.119]],"c":true}]},{"t":70,"s":[{"i":[[-49.488,1.118],[13.625,-61.869],[-18.229,-41.312],[-26,3.882],[-9.5,43.082]],"o":[[-12.528,-2.27],[-1.875,22.042],[31,56.483],[-96.693,6.569],[9.5,-43.082]],"v":[[158.985,650.59],[83.375,707.85],[98.375,783.495],[214.25,846.866],[83.714,716.045]],"c":true}]}],"ix":2},"nm":"Path 1","mn":"ADBE Vector Shape - Group","hd":false},{"ty":"st","c":{"a":0,"k":[0,0,0,1],"ix":3},"o":{"a":0,"k":100,"ix":4},"w":{"a":0,"k":5,"ix":5},"lc":1,"lj":1,"ml":4,"bm":0,"nm":"Stroke 1","mn":"ADBE Vector Graphic - Stroke","hd":false},{"ty":"fl","c":{"a":0,"k":[1,1,1,1],"ix":4},"o":{"a":0,"k":100,"ix":5},"r":1,"bm":0,"nm":"Fill 1","mn":"ADBE Vector Graphic - Fill","hd":false},{"ty":"tr","p":{"a":0,"k":[0,0],"ix":2},"a":{"a":0,"k":[0,0],"ix":1},"s":{"a":0,"k":[100,100],"ix":3},"r":{"a":0,"k":0,"ix":6},"o":{"a":0,"k":100,"ix":7},"sk":{"a":0,"k":0,"ix":4},"sa":{"a":0,"k":0,"ix":5},"nm":"Transform"}],"nm":"Shape 1","np":3,"cix":2,"bm":0,"ix":1,"mn":"ADBE Vector Group","hd":false},{"ty":"gr","it":[{"ind":0,"ty":"sh","ix":1,"ks":{"a":0,"k":{"i":[[-17.408,-28.875],[53.461,7.1],[19.852,37.878],[-52.736,24.55],[-5.163,-33.382]],"o":[[7.823,9.564],[-49.268,-6.543],[-19.852,-37.879],[71.315,-33.199],[5.163,33.382]],"v":[[-128.965,-48.623],[-191.128,-0.429],[-286.421,-70.477],[-260.005,-195.057],[-169.477,-103.887]],"c":true},"ix":2},"nm":"Path 1","mn":"ADBE Vector Shape - Group","hd":false},{"ty":"fl","c":{"a":0,"k":[0,0,0,1],"ix":4},"o":{"a":0,"k":100,"ix":5},"r":1,"bm":0,"nm":"Fill 1","mn":"ADBE Vector Graphic - Fill","hd":false},{"ty":"tr","p":{"a":0,"k":[382.304,849.916],"ix":2},"a":{"a":0,"k":[0,0],"ix":1},"s":{"a":0,"k":[100,100],"ix":3},"r":{"a":0,"k":0,"ix":6},"o":{"a":0,"k":100,"ix":7},"sk":{"a":0,"k":0,"ix":4},"sa":{"a":0,"k":0,"ix":5},"nm":"Transform"}],"nm":"Group 3","np":2,"cix":2,"bm":0,"ix":2,"mn":"ADBE Vector Group","hd":false}],"ip":0,"op":600,"st":0,"bm":0}],"markers":[]}